Workbook
Name datapivot: INDIRECT(CONCATENATE("Data!","$A$1:$AH$",COUNTA([1]Data!$A:$A)))
Name Intervalle: Liste!$N$2:$N$33
Name Parcours: Liste!$G$2:$G$3
Name Rame: Liste!$B$2:$B$13

Sheet Data
A1: N° ordre | B1: 7 derniers jours? | C1: Date | D1: Heure | E1: N° Train | F1: Rame | G1: Motrice / Cab | H1: MRM | I1: IMEI | J1: Sens | K1: Km | L1: Intervalle | M1: Niveau ETCS | N1: Evénement | O1: Cause_racine | P1: Analyse SMMRGV | Q1: Sous Système mis en cause | R1: Action | S1: Execution HO | T1: RxQual | U1: RxLev | V1: Voisinage (10sec) | W1: Com DTE-DCE | X1: Ecart | Y1: Retransmission trames HDLC/T.70 | Z1: Alarmes BTS | AA1: Traité par | AB1: CIRE | AC1: CIERS | AD1: Acquittement AUC | AE1: BUG RBC | AF1: Liens PAI | AG1: Pilote | AH1: Échéance
A2: 1 | B2: =AND(C2>=TODAY()-7, C2<=TODAY()-1) -> FALSE | C2: 45297 | D2: 0.38918981 | E2: 2013 | F2: 1208 | G2: M1 | H2: 1037 | I2: 35214500045488 | J2: Tanger/Casa | K2: 68.956 | L2: =VLOOKUP(K2,Liste!$L$2:$O$34,4,1) -> GSMR_12/13 | M2: N2 | N2: Ralentissement du train | O2: H.O non finalisé entre 212 et 213,bonne qualité / niveau de signal Requête de déconnexion a été envoyé par le RBC | Q2: BORD | S2: H.O non finalisé entre 212 et 213 | T2: dl Rxqual=3 | U2: dl rx level= -63 dbm | V2: NOK | W2: NOK | X2: moyenne | Y2: retransmission des trames HDLC*5
A3: 2 | B3: =AND(C3>=TODAY()-7, C3<=TODAY()-1) -> FALSE | C3: 45301 | D3: 0.43631944 | E3: 2017 | F3: 1211 | G3: M1 | H3: 1029 | I3: 35214500045449 | J3: Tanger/Casa | K3: 108.206 | L3: =VLOOKUP(K3,Liste!$L$2:$O$34,4,1) -> GSMR_19/20 | M3: N2 | N3: Ralentissement du train | O3: H.O non finalisé entre 219 et 220,bonne qualité / niveau de signal Requête de déconnexion a été envoyé par le RBC | Q3: GSMR | R3: dans l'attente des mesures radio | S3: recule non reussi entre 219 et 220 | T3: dl Rxqual=3 | U3: dl rx level= -78 dbm | V3: NOK | W3: OK | X3: Mauvais | Y3: retransmission des trames HDLC*5
A4: 3 | B4: =AND(C4>=TODAY()-7, C4<=TODAY()-1) -> FALSE | C4: 45301 | D4: 0.33729167 | E4: 2009 | F4: 1205 | G4: M1 | H4: 7217 | I4: 35214500044557 | J4: Tanger/Casa | K4: 6.13 | L4: =VLOOKUP(K4,Liste!$L$2:$O$34,4,1) -> GSMR_02/03 | M4: N2 | N4: Ralentissement du train | O4: recule non reussi 202 et 201,Mauvaise qualité de signal Requête de déconnexion a été envoyé par le RBC | Q4: BORD/GSMR | S4: recule non reussi entre 202 et 201 | T4: dl Rxqual=7 | U4: dl rx level= -53 dbm | V4: NOK | W4: OK | X4: Mauvais | Y4: retransmission des trames HDLC*5
A5: 4 | B5: =AND(C5>=TODAY()-7, C5<=TODAY()-1) -> FALSE | C5: 45302 | D5: 0.67072917 | E5: 2041 | F5: 1207 | G5: M1 | H5: 1046 | I5: 35214500038730 | J5: Tanger/Casa | K5: 6.13 | L5: =VLOOKUP(K5,Liste!$L$2:$O$34,4,1) -> GSMR_02/03 | M5: N2 | N5: Arrêt du train | O5: H.O non finalisé entre 202 et 203,Mauvaise qualité de signal Requête de déconnexion a été envoyé par le RBC | Q5: GSMR | R5: Le 14/01 Changement de cable coaxial de la rame 1207 M1 | S5: H.O non finalisé entre 202 et 203 | T5: dl Rxqual=7 | U5: dl rx level= -53 dbm | V5: NOK | W5: OK | X5: moyenne | Y5: retransmission des trames HDLC*5
A6: 5 | B6: =AND(C6>=TODAY()-7, C6<=TODAY()-1) -> FALSE | C6: 45304 | D6: 0.60820602 | E6: 2033 | F6: 1209 | G6: M1 | H6: 7208 | I6: 35214500004427 | J6: Tanger/Casa | K6: 147.876 | L6: =VLOOKUP(K6,Liste!$L$2:$O$34,4,1) -> GSMR_25/26 | M6: N2 | N6: Ralentissement du train | O6: enchainement 325->226->228->227 ; mauvaise qualité de signal , requête déconnexion envoyé par le RBC | Q6: BORD/GSMR | R6: le 09/01 verification de VSWR de l'antenne de la rame 1209 M1 | S6: 325->226->228->227 | T6: dl Rxqual=7 | U6: dl rx level= -97 dbm | V6: NOK | X6: moyenne | Y6: retransmission des trames HDLC*3
A7: 6 | B7: =AND(C7>=TODAY()-7, C7<=TODAY()-1) -> FALSE | C7: 45307 | D7: 0.52515046 | E7: 2025 | F7: 1207 | G7: M1 | H7: 1046 | I7: 35214500038730 | J7: Tanger/Casa | K7: 147.876 | L7: =VLOOKUP(K7,Liste!$L$2:$O$34,4,1) -> GSMR_25/26 | M7: N2 | N7: Ralentissement du train | O7: recule de la cellule 327 vers la cellule 325 , bonne qualité/niveau de signal , requête déconnexion envoyé par le RBC | Q7: BORD/GSMR | S7: recule 327 vers 325 | T7: dl Rxqual=0 | U7: dl rx level= -79 dbm | V7: NOK | W7: OK | X7: moyenne | Y7: retransmission des trames HDLC*5
A8: 7 | B8: =AND(C8>=TODAY()-7, C8<=TODAY()-1) -> FALSE | C8: 45308 | D8: 0.71152778 | E8: 1037 | F8: 1203 | G8: M2 | H8: 1026 | I8: 35214500045083 | J8: Casa/Tanger | K8: 7.321 | L8: =VLOOKUP(K8,Liste!$L$2:$O$34,4,1) -> GSMR_02/03 | M8: N2 | N8: Arrêt du train | O8: H.O complet entre 303 et 202,Mauvaise qualité de signal Requête de déconnexion a été envoyé par le Bord | Q8: GSMR | S8: H.O Complet entre 303 et 202 | T8: dl Rxqual=7 | U8: dl rx level= -57 dbm | V8: OK | W8: OK | X8: moyenne | Y8: retransmission des trames HDLC*5
A9: 8 | B9: =AND(C9>=TODAY()-7, C9<=TODAY()-1) -> FALSE | C9: 45308 | D9: 0.44628472 | E9: 2017 | F9: 1212 | G9: M1 | H9: 1057 | I9: 35214500045187 | J9: Tanger/Casa | K9: 179.149 | L9: =VLOOKUP(K9,Liste!$L$2:$O$34,4,1) -> GSMR_30/31 | M9: N2 | N9: Ralentissement du train | O9: H.O non finalisé entre 230 et 231,bonne qualité / niveau de signal Requête de déconnexion a été envoyé par le RBC | Q9: BORD | S9: H.O non finalisé entre 230 et 231 | T9: dl Rxqual=2 | U9: dl rx level= -69 dbm | V9: OK | W9: OK | X9: moyenne | Y9: retransmission des trames HDLC*5
A10: 9 | B10: =AND(C10>=TODAY()-7, C10<=TODAY()-1) -> FALSE | C10: 45311 | D10: 0.68394676 | E10: 1037 | F10: 1206 | G10: M2 | H10: 1040 | J10: Casa/Tanger | K10: 202.125 | L10: =VLOOKUP(K10,Liste!$L$2:$O$34,4,1) -> GSMR_33/RAC | M10: N2 | N10: Ralentissement du train | O10: H.O complet entre 234 et 333,Mauvaise qualité de signal Requête de déconnexion a été envoyé par le RBC | Q10: GSMR | S10: H.O Complet entre 234 et 333 | T10: dl Rxqual=7 | U10: dl rx level= -65 dbm | V10: NOK | W10: OK | X10: moyenne | Y10: retransmission des trames HDLC*5
A11: 10 | B11: =AND(C11>=TODAY()-7, C11<=TODAY()-1) -> FALSE | C11: 45313 | D11: 0.86572917 | F11: 1202 | G11: M2 | H11: 1022 | I11: 35214500045326 | J11: Casa/Tanger | K11: 127.815 | L11: =VLOOKUP(K11,Liste!$L$2:$O$34,4,1) -> GSMR_22/23 | M11: N2 | N11: Ralentissement du train | O11: H.O non finalisé entre 223 et 222,Mauvaise qualité de signal Requête de déconnexion a été envoyé par le RBC | Q11: GSMR | S11: H.O non finalisé entre 223 et 222 | T11: dl Rxqual=7 | U11: dl rx level= -66 dbm | V11: OK | W11: OK | X11: mauvais | Y11: retransmission des trames HDLC*5
A12: 11 | B12: =AND(C12>=TODAY()-7, C12<=TODAY()-1) -> FALSE | C12: 45313 | D12: 0.71731481 | E12: 1037 | F12: 1203 | G12: M2 | H12: 1026 | I12: 35214500045083 | J12: Casa/Tanger | K12: 7.321 | L12: =VLOOKUP(K12,Liste!$L$2:$O$34,4,1) -> GSMR_02/03 | M12: N2 | N12: Arrêt du train | O12: H.O complet entre 303 et 202,Mauvaise qualité de signal Requête de déconnexion a été envoyé par le RBC | Q12: BORD/GSMR | S12: H.O Complet entre 303 et 202 | T12: dl Rxqual=7 | U12: dl rx level= -57 dbm | V12: OK | W12: OK | X12: moyenne | Y12: retransmission des trames HDLC*5
A13: 12 | B13: =AND(C13>=TODAY()-7, C13<=TODAY()-1) -> FALSE | C13: 45314 | D13: 0.76916667 | E13: 2049 | F13: 1209 | G13: M1 | H13: 7208 | I13: 35214500004427 | J13: Tanger/Casa | K13: 108.206 | L13: =VLOOKUP(K13,Liste!$L$2:$O$34,4,1) -> GSMR_19/20 | M13: N2 | N13: Ralentissement du train | O13: H.O complet entre 219 et 320,Mauvaise qualité de signal Requête de déconnexion a été envoyé par le Bord | Q13: BORD | S13: H.O Complet entre 219 et 320 | T13: dl Rxqual=7 | U13: dl rx level= -70 dbm | V13: OK | W13: OK | X13: moyenne | Y13: retransmission des trames HDLC*3
A14: 13 | B14: =AND(C14>=TODAY()-7, C14<=TODAY()-1) -> FALSE | C14: 45315 | D14: 0.7166088 | E14: 2045 | F14: 1208 | G14: M1 | H14: 1037 | I14: 35214500045488 | J14: Tanger/Casa | K14: 25.91 | L14: =VLOOKUP(K14,Liste!$L$2:$O$34,4,1) -> GSMR_05/06 | M14: N2 | N14: Ralentissement du train | O14: H.O non finalisé entre 205 et 206,Mauvaise qualité de signal Requête de déconnexion a été envoyé par le RBC | Q14: BORD | S14: H.O non finalisé entre 205 et 206 | T14: dl Rxqual=6 | U14: dl rx level= -87 dbm | V14: NOK | W14: OK | X14: moyenne | Y14: retransmission des trames HDLC*5
A15: 14 | B15: =AND(C15>=TODAY()-7, C15<=TODAY()-1) -> FALSE | C15: 45315 | D15: 0.93679398 | E15: 1061 | F15: 1212 | G15: M2 | H15: 1072 | I15: 35214500045424 | J15: Casa/Tanger | K15: 177.85 | L15: =VLOOKUP(K15,Liste!$L$2:$O$34,4,1) -> GSMR_30/31 | M15: N2 | N15: Ralentissement du train | O15: recule de la cellule 330vers la cellue 331,Mauvaise qualité de signal Requête de déconnexion a été envoyé par le RBC | Q15: BORD | S15: Recule de 330 vers 331 | T15: dl Rxqual=7 | U15: dl rx level= -68 dbm | V15: OK | W15: OK | X15: Bon | Y15: retransmission des trames HDLC*5
A16: 15 | B16: =AND(C16>=TODAY()-7, C16<=TODAY()-1) -> FALSE | C16: 45316 | D16: 0.77451389 | E16: 2049 | F16: 1204 | G16: M1 | H16: 1052 | I16: 35214500043740 | J16: Tanger/Casa | K16: 144.326 | L16: =VLOOKUP(K16,Liste!$L$2:$O$34,4,1) -> GSMR_25/26 | M16: N2 | N16: Arrêt du train | O16: H.O complet entre 224 et 225,Bonne qualité de signal Requête de déconnexion a été envoyé par le RBC | Q16: BORD | S16: H.O Complet entre 224 et 225 | T16: dl Rxqual=1 | U16: dl rx level= -64 dbm | V16: OK | W16: OK | X16: Mauvais | Y16: pas de retransmission des trames HDLC
A17: 16 | B17: =AND(C17>=TODAY()-7, C17<=TODAY()-1) -> FALSE | C17: 45317 | D17: 0.82337963 | F17: 1204 | G17: M2 | H17: 1030 | I17: 35214500045348 | J17: Casa/Tanger | K17: 96.317 | L17: =VLOOKUP(K17,Liste!$L$2:$O$34,4,1) -> GSMR_17/18 | M17: N2 | N17: Ralentissement du train | O17: H.O complet entre 319 et 318,Bonne qualité /niveau de signal Requête de déconnexion a été envoyé a travers la BTS | Q17: RBC | R17: En attente de verification des traces RBC | S17: H.O Complet entre 319 et318 | T17: dl Rxqual=0 | U17: dl rx level= -56 dbm | V17: OK | W17: NOK | X17: moyenne | Y17: retransmission des trames HDLC*5
A18: 17 | B18: =AND(C18>=TODAY()-7, C18<=TODAY()-1) -> FALSE | C18: 45318 | D18: 0.7777662 | E18: 1045 | F18: 1207 | G18: M2 | H18: 1007 | J18: Casa/Tanger | K18: 127.815 | L18: =VLOOKUP(K18,Liste!$L$2:$O$34,4,1) -> GSMR_22/23 | M18: N2 | N18: Ralentissement du train | O18: deux tentative de H.O nn reussi entre 323 et 322 ,mauvaise qualité de signal , requête déconnexion envoyé par le RBC | Q18: GSMR | R18: Permutation des cartes radio active / stand by au niveau de la cellule 22 le 05/02 | S18: H.O non finalisé entre 323 et 22 | T18: dl Rxqual=6 | U18: dl rx level= -77 dbm | V18: OK | W18: OK | X18: Mauvais | Y18: retransmission des trames HDLC*5
A19: 18 | B19: =AND(C19>=TODAY()-7, C19<=TODAY()-1) -> FALSE | C19: 45318 | D19: 0.81199074 | E19: 1049 | F19: 1212 | G19: M2 | H19: 1020 | I19: 35214500045494 | J19: Casa/Tanger | K19: 177.85 | L19: =VLOOKUP(K19,Liste!$L$2:$O$34,4,1) -> GSMR_30/31 | M19: N2 | N19: Ralentissement du train | O19: ping pong / recule non reussi entre 331 eeet 232 ,Mauvaise qualité de signal Requête de déconnexion a été envoyé par le Bord | Q19: BORD | R19: Attente reponse ingenieurie SMM-RGV | S19: Ping pong entre 330 et 331 | T19: dl Rxqual=5 | U19: dl rx level= -63 dbm | V19: OK | W19: OK | X19: Bon | Y19: retransmission des trames HDLC*5
A20: 19 | B20: =AND(C20>=TODAY()-7, C20<=TODAY()-1) -> FALSE | C20: 45318 | D20: 0.40195602 | E20: 2013 | F20: 1212 | G20: M1 | H20: 1056 | I20: 35214500045217 | J20: Tanger/Casa | K20: 162.895 | L20: =VLOOKUP(K20,Liste!$L$2:$O$34,4,1) -> GSMR_27/28 | M20: N2 | N20: Ralentissement du train | O20: H.O complet entre 327 et 328,Bonne qualité /niveau de signal Requête de déconnexion a été envoyé a travers la BTS | Q20: Signalisation | S20: H.O Complet entre 327et328 | T20: dl Rxqual=0 | U20: dl rx level= -48 dbm | V20: OK | W20: NOK | X20: Mauvais | Y20: retransmission des trames HDLC*5
A21: 20 | B21: =AND(C21>=TODAY()-7, C21<=TODAY()-1) -> FALSE | C21: 45318 | D21: 0.40196759 | F21: 1211 | G21: M2 | H21: 3063 | I21: 35214500046055 | J21: Casa/Tanger | K21: 130.484 | L21: =VLOOKUP(K21,Liste!$L$2:$O$34,4,1) -> GSMR_23/24 | M21: N2 | N21: Ralentissement du train | O21: H.O complet entre 324 et 323,Bonne qualité /niveau de signal Requête de déconnexion a été envoyé a travers la BTS | Q21: Signalisation | S21: H.O Complet entre 324 et323 | T21: dl Rxqual=0 | U21: dl rx level= -48 dbm | V21: OK | W21: NOK | X21: Mauvais | Y21: retransmission des trames HDLC*5
A22: 21 | B22: =AND(C22>=TODAY()-7, C22<=TODAY()-1) -> FALSE | C22: 45319 | D22: 0.3169213 | E22: 10075 | F22: 1212 | G22: M2 | H22: 1020 | I22: 35214500045494 | J22: Casa/Tanger | K22: 79.282 | L22: =VLOOKUP(K22,Liste!$L$2:$O$34,4,1) -> GSMR_14/15 | M22: N2 | N22: Ralentissement du train | O22: H.O complet entre 315 et 314,Bonne qualité /niveau de signal Requête de déconnexion a été envoyé par RBC | Q22: BORD | R22: Attente reponse ingenieurie SMM-RGV | S22: H.O Complet entre 315 et314 | T22: dl Rxqual=0 | U22: dl rx level= -59 dbm | V22: OK | W22: OK | X22: Mauvais | Y22: pas de retransmission des trames HDLC
A23: 22 | B23: =AND(C23>=TODAY()-7, C23<=TODAY()-1) -> FALSE | C23: 45320 | D23: 0.4624537 | E23: 1013 | F23: 1211 | G23: M2 | H23: 3062 | J23: Casa/Tanger | K23: 7.321 | L23: =VLOOKUP(K23,Liste!$L$2:$O$34,4,1) -> GSMR_02/03 | M23: N2 | N23: Ralentissement du train | O23: H.O complet entre 303 et 202,Bonne qualité /niveau de signal Requête de déconnexion a été envoyé par RBC | Q23: Non specifie | R23: Programmer une reunion afin d'analyser les traces | S23: H.O Complet entre 303 et202 | T23: dl Rxqual=0 | U23: dl rx level= -53 dbm | V23: OK | W23: OK | X23: Bon | Y23: retransmission des trames HDLC*5
A24: 23 | B24: =AND(C24>=TODAY()-7, C24<=TODAY()-1) -> FALSE | C24: 45321 | D24: 0.47582176 | E24: 2021 | F24: 1207 | G24: M1 | H24: 1047 | I24: 35214500038727 | J24: Tanger/Casa | K24: 91.365 | L24: =VLOOKUP(K24,Liste!$L$2:$O$34,4,1) -> GSMR_16/17 | M24: N2 | N24: Ralentissement du train | O24: H.O complet entre 216 et 217,Bonne qualité /niveau de signal Requête de déconnexion a été envoyé par RBC | Q24: Signalisation | S24: H.O Complet entre 216 et217 | T24: dl Rxqual=0 | U24: dl rx level= -48 dbm | V24: OK | W24: OK | Y24: retransmission des trames HDLC*5
A25: 24 | B25: =AND(C25>=TODAY()-7, C25<=TODAY()-1) -> FALSE | C25: 45321 | D25: 0.33680556 | E25: 2009 | F25: 1209 | G25: M1 | H25: 7208 | I25: 35214500004427 | J25: Tanger/Casa | K25: 5.73 | L25: =VLOOKUP(K25,Liste!$L$2:$O$34,4,1) -> GSMR_02/03 | M25: N2 | N25: Arrêt du train | O25: ping pong entre 201 et 302 ,Bonne qualité de signal Requête de déconnexion a été envoyé par le RBC | Q25: BORD | S25: Ping pong entre 201 et 302 | T25: dl Rxqual=0 | U25: dl rx level= -48 dbm | V25: OK | W25: OK | X25: Mauvais | Y25: retransmission des trames HDLC*5
A26: 25 | B26: =AND(C26>=TODAY()-7, C26<=TODAY()-1) -> FALSE | C26: 45322 | D26: 0.49259259 | E26: 1017 | F26: 1212 | G26: M2 | H26: 1072 | I26: 35214500045424 | J26: Casa/Tanger | K26: 73.526 | L26: =VLOOKUP(K26,Liste!$L$2:$O$34,4,1) -> GSMR_13/14 | M26: N2 | N26: Ralentissement du train | O26: probléme de communication entre Bord et RBC , 4 requête train position envoyé par Bord Ho complèt entre 214 et 313 | Q26: Signalisation | R26: Remplacement de balise 510442-1 la nuit du 06-02 au 07/02 | S26: H.O Complet entre 314 et 213 | T26: dl Rxqual=3 | U26: dl rx level= -60 dbm | V26: OK | W26: NOK | X26: Mauvais | Y26: retransmission des trames HDLC*5
A27: 26 | B27: =AND(C27>=TODAY()-7, C27<=TODAY()-1) -> FALSE | C27: 45323 | D27: 0.40967593 | E27: 1009 | F27: 1209 | G27: M2 | H27: 1032 | I27: 35214500040638 | J27: Casa/Tanger | K27: 74.713 | L27: =VLOOKUP(K27,Liste!$L$2:$O$34,4,1) -> GSMR_13/14 | M27: N2 | N27: Ralentissement du train | O27: défaut de lecture Balise au point d'information 510442-1, HO non finalisé entre 314 et 313 | Q27: Signalisation | S27: H.O non finalisé entre 314 et 313 | T27: dl Rxqual=3 | U27: dl rx level= -71 dbm | V27: OK | W27: OK | X27: Bon | Y27: retransmission des trames HDLC*5
A28: 27 | B28: =AND(C28>=TODAY()-7, C28<=TODAY()-1) -> FALSE | C28: 45323 | D28: 0.66469907 | E28: 1033 | F28: 1209 | G28: M2 | H28: 1032 | I28: 35214500040638 | J28: Casa/Tanger | K28: 39.215 | L28: =VLOOKUP(K28,Liste!$L$2:$O$34,4,1) -> GSMR_07/08 | M28: N2 | N28: Ralentissement du train | O28: H.O non finalisé entre 308 et 307 , Bonne qualité/ niveau de signal , une requête déconnexion envoyé par le Bord | Q28: BORD | S28: H.O non finalisé entre 308 et 307 | T28: dl Rxqual=2 | U28: dl rx level= -65 dbm | V28: NOK | W28: OK | X28: Bon | Y28: retransmission des trames HDLC*5
A29: 28 | B29: =AND(C29>=TODAY()-7, C29<=TODAY()-1) -> FALSE | C29: 45324 | D29: 0.34760417 | E29: 2009 | F29: 1207 | G29: M1 | H29: 1046 | I29: 35214500038730 | J29: Casa/Tanger | K29: 70.144 | L29: =VLOOKUP(K29,Liste!$L$2:$O$34,4,1) -> GSMR_12/13 | M29: N2 | N29: Ralentissement du train | O29: H.O complet entre 312 et 213,Bonne qualité /niveau de signal Requête de déconnexion a été envoyé par RBC | Q29: RBC | R29: Remplacement de l'ensemble du circuit antennaire du GSM-R3/4 qui se compose de : IHM MONOMODE (Version 1M3) ;Tiroir Radio MONODE(Version 1M3);Cable Coaxial neuf ;Antenne GSM-R3/4 neuve<=> S08 | S29: H.O Complet entre 312 et 213 | T29: dl Rxqual=2 | U29: dl rx level= -60 dbm | V29: OK | W29: OK | X29: Mauvais | Y29: retransmission des trames HDLC*4
A30: 29 | B30: =AND(C30>=TODAY()-7, C30<=TODAY()-1) -> FALSE | C30: 45325 | D30: 0.94324074 | E30: 1061 | F30: 1205 | G30: M2 | H30: 1050 | I30: 35214500045357 | J30: Tanger/Casa | K30: 131.789 | L30: =VLOOKUP(K30,Liste!$L$2:$O$34,4,1) -> GSMR_23/24 | M30: N2 | N30: Ralentissement du train | O30: H.O complet entre 324 et 323,moyenne qualité de signal Requête de déconnexion a été envoyé par RBC | Q30: BORD | S30: H.O Complet entre 324 et 323 | T30: dl Rxqual=5 | U30: dl rx level= -77 dbm | V30: OK | W30: OK | X30: Mauvais | Y30: retransmission des trames HDLC*5
A31: 30 | B31: =AND(C31>=TODAY()-7, C31<=TODAY()-1) -> FALSE | C31: 45326 | D31: 0.47518519 | E31: 2021 | F31: 1208 | G31: M1 | H31: 1037 | I31: 35214500045488 | J31: Tanger/Casa | K31: 84.452 | L31: =VLOOKUP(K31,Liste!$L$2:$O$34,4,1) -> GSMR_15/16 | M31: N2 | N31: Ralentissement du train | O31: H.O complet entre 215 et 216,Bonne qualité /niveau de signal Requête de déconnexion a été envoyé par RBC | Q31: RBC/BORD | R31: Rame verifié durant la semaine S06 par smmrgv ; vswr bon ; puissance 37 ; 33 | S31: H.O Complet entre 215 et 216 | T31: dl Rxqual=3 | U31: dl rx level= -66 dbm | V31: OK | W31: OK | X31: Bon | Y31: retransmission des trames HDLC*5
A32: 31 | B32: =AND(C32>=TODAY()-7, C32<=TODAY()-1) -> FALSE | C32: 45327 | D32: 0.51060185 | E32: 2025 | F32: 1208 | G32: M1 | H32: 1036 | I32: 35214500045461 | J32: Tanger/Casa | K32: 45.829 | L32: =VLOOKUP(K32,Liste!$L$2:$O$34,4,1) -> GSMR_08/09 | M32: N2 | N32: Ralentissement du train | O32: H.O complet entre 207 et 208,Bonne qualité /niveau de signal Requête de déconnexion a été envoyé par RBC | Q32: Non specifie | R32: rame verifié Puissance 32,9 ; vswr bon | S32: H.O Complet entre 207 et 208 | T32: dl Rxqual=0 | U32: dl rx level= -51 dbm | V32: OK | W32: OK | X32: Mauvais | Y32: retransmission des trames HDLC*5
A33: 32 | B33: =AND(C33>=TODAY()-7, C33<=TODAY()-1) -> FALSE | C33: 45327 | D33: 0.32181713 | E33: 1001 | F33: 1206 | G33: M2 | H33: 1041 | I33: 35214500045477 | J33: Casa/Tanger | K33: 111.975 | L33: =VLOOKUP(K33,Liste!$L$2:$O$34,4,1) -> GSMR_20/21 | M33: N2 | N33: Ralentissement du train | O33: H.O complet entre 321 et 320,Bonne qualité /niveau de signal Requête de déconnexion a été envoyé par RBC | Q33: BORD | R33: En attente de verification de la chaine antennaire de la rame | S33: H.O Complet entre 321 et 320 | T33: dl Rxqual=0 | U33: dl rx level= -48 dbm | V33: OK | W33: OK | X33: Mauvais | Y33: retransmission des trames HDLC*5
A34: 33 | B34: =AND(C34>=TODAY()-7, C34<=TODAY()-1) -> FALSE | C34: 45327 | D34: 0.44409722 | E34: 1013 | F34: 1208 | G34: M2 | H34: 1045 | I34: 35214500045098 | J34: Casa/Tanger | K34: 125.206 | L34: =VLOOKUP(K34,Liste!$L$2:$O$34,4,1) -> GSMR_22/23 | M34: N2 | N34: Ralentissement du train | O34: H.O complet entre 323 et 222,Bonne qualité /niveau de signal Requête de déconnexion a été envoyé par RBC | Q34: GSMR | R34: Rame verifié par SMMRGV " Puissance 36,68 ; VSWR bon . Verification des tilts mecanique "bon" , switching des cartes radio " aucune amélioration" ; | S34: H.O Complet entre 323 et 222 | T34: dl Rxqual=0 | U34: dl rx level= -48 dbm | V34: OK | W34: OK | X34: Mauvais | Y34: retransmission des trames HDLC*5
A35: 34 | B35: =AND(C35>=TODAY()-7, C35<=TODAY()-1) -> FALSE | C35: 45327 | D35: 0.38385417 | E35: 2013 | F35: 1206 | G35: M1 | H35: 1054 | I35: 35214500022752 | J35: Tanger/Casa | K35: 26.739 | L35: =VLOOKUP(K35,Liste!$L$2:$O$34,4,1) -> GSMR_05/06 | M35: N2 | N35: Ralentissement du train | O35: H.O complet entre 205 et 206,Bonne qualité /niveau de signal Requête de déconnexion a été envoyé par RBC | Q35: BORD | R35: En attente de verification de la chaine antennaire de la rame | S35: H.O Complet entre 205 et 206 | T35: dl Rxqual=0 | U35: dl rx level= -62 dbm | V35: OK | W35: OK | X35: Mauvais | Y35: retransmission des trames HDLC*5
A36: 35 | B36: =AND(C36>=TODAY()-7, C36<=TODAY()-1) -> FALSE | C36: 45329 | D36: 0.44673611 | E36: 2017 | F36: 1211 | G36: M1 | H36: 1029 | I36: 35214500045449 | J36: Tanger/Casa | K36: 179.149 | L36: =VLOOKUP(K36,Liste!$L$2:$O$34,4,1) -> GSMR_30/31 | M36: N2 | N36: Ralentissement du train | O36: H.O Failure entre 330 et 331,Bonne qualité /niveau de signal Requête de déconnexion a été envoyé par le Bord | Q36: RBC | S36: H.O non finalisé entre 330 et 231 | T36: dl Rxqual=0 | U36: dl rx level= -68 dbm | V36: OK | W36: OK | X36: Bon | Y36: retransmission des trames HDLC*4
A37: 36 | B37: =AND(C37>=TODAY()-7, C37<=TODAY()-1) -> FALSE | C37: 45329 | D37: 0.76428241 | E37: 2049 | F37: 1209 | G37: M1 | H37: 1058 | I37: 35214500044293 | J37: Tanger/Casa | K37: 66.702 | L37: =VLOOKUP(K37,Liste!$L$2:$O$34,4,1) -> GSMR_12/13 | M37: N2 | N37: Ralentissement du train | O37: H.O complet entre 211 et 212,Bonne qualité /niveau de signal Requête de déconnexion a été envoyé par RBC | Q37: BORD | R37: dans l'attente de verification de la rame 1209 | S37: H.O Complet entre 211 et 212 | T37: dl Rxqual=0 | U37: dl rx level= -47 dbm | V37: OK | W37: OK | Y37: retransmission des trames HDLC*5
A38: 37 | B38: =AND(C38>=TODAY()-7, C38<=TODAY()-1) -> FALSE | C38: 45331 | D38: 0.94038194 | E38: 1061 | F38: 1212 | G38: M2 | H38: 1020 | I38: 35214500045494 | J38: Casa/Tanger | K38: 153.686 | L38: =VLOOKUP(K38,Liste!$L$2:$O$34,4,1) -> GSMR_26/27 | M38: N2 | N38: Arrêt du train | O38: H.O Failure entre 327 et 326,Bonne qualité /niveau de signal Requête de déconnexion a été envoyé par le RBC | Q38: BORD | R38: reverification de la rame 1212 M2 | S38: H.O non finalisé entre 327 et 326 | T38: dl Rxqual=0 | U38: dl rx level= -64 dbm | V38: OK | W38: OK | Y38: retransmission des trames HDLC*5
A39: 38 | B39: =AND(C39>=TODAY()-7, C39<=TODAY()-1) -> FALSE | C39: 45332 | D39: 0.7678125 | F39: 1203 | G39: M2 | H39: 1027 | J39: Casa/Tanger | K39: 186.87 | L39: =VLOOKUP(K39,Liste!$L$2:$O$34,4,1) -> GSMR_32/33 | M39: N2 | N39: Ralentissement du train | O39: H.O complet entre 234 et 233,Bonne qualité /niveau de signal Requête de déconnexion a été envoyé par RBC | Q39: RBC/BORD | R39: Des requêtes envoyé par le bord , aucune reponse cote RBC | S39: H.O Complet entre 234 et 233 | T39: dl Rxqual=2 | U39: dl rx level= -69 dbm | W39: NOK | Y39: retransmission des trames HDLC*5
A40: 39 | B40: =AND(C40>=TODAY()-7, C40<=TODAY()-1) -> FALSE | C40: 45332 | D40: 0.36259259 | E40: 1005 | F40: 1208 | G40: M2 | H40: 1045 | I40: 35214500045098 | J40: Casa/Tanger | K40: 111.975 | L40: =VLOOKUP(K40,Liste!$L$2:$O$34,4,1) -> GSMR_20/21 | M40: N2 | N40: Ralentissement du train | O40: H.O complet entre 321 et 320,Bonne qualité /niveau de signal Requête de déconnexion a été envoyé par RBC | Q40: BORD | R40: Ecart de la rame mauvais ; à verifier | S40: H.O Complet entre 321 et 320 | T40: dl Rxqual=0 | U40: dl rx level= -48 dbm | V40: OK | W40: OK | Y40: retransmission des trames HDLC*5
A41: 40 | B41: =AND(C41>=TODAY()-7, C41<=TODAY()-1) -> FALSE | C41: 45332 | D41: 0.56837963 | E41: 1025 | F41: 1205 | G41: M2 | H41: 1051 | I41: 35214500045495 | J41: Casa/Tanger | K41: 130.484 | L41: =VLOOKUP(K41,Liste!$L$2:$O$34,4,1) -> GSMR_23/24 | M41: N2 | N41: Ralentissement du train | O41: H.O complet entre 324 et 223,Bonne qualité /niveau de signal Requête de déconnexion a été envoyé par RBC | Q41: BORD | S41: H.O Complet entre 324 et 223 | T41: dl Rxqual=0 | U41: dl rx level= -48 dbm | V41: OK | W41: OK | Y41: retransmission des trames HDLC*5
A42: 41 | B42: =AND(C42>=TODAY()-7, C42<=TODAY()-1) -> FALSE | C42: 45333 | D42: 0.45028935 | E42: 1013 | F42: 1204 | G42: M2 | H42: 1031 | J42: Casa/Tanger | K42: 79.282 | L42: =VLOOKUP(K42,Liste!$L$2:$O$34,4,1) -> GSMR_14/15 | M42: N2 | N42: Ralentissement du train | O42: H.O complet entre 315 et 314,Bonne qualité /niveau de signal Requête de déconnexion a été envoyé par RBC | Q42: Non specifie | S42: H.O Complet entre 315 et 314 | T42: dl Rxqual=0 | U42: dl rx level= -52 dbm | W42: OK | X42: Bon | Y42: retransmission des trames HDLC*5
A43: 42 | B43: =AND(C43>=TODAY()-7, C43<=TODAY()-1) -> FALSE | C43: 45334 | D43: 0.95027778 | E43: 1061 | F43: 1207 | G43: M2 | H43: 1008 | I43: 35214500045654 | J43: Casa/Tanger | K43: 81.777 | L43: =VLOOKUP(K43,Liste!$L$2:$O$34,4,1) -> GSMR_15/16 | M43: N2 | N43: Ralentissement du train | O43: H.O complet entre 216 et 315,Bonne qualité /niveau de signal Requête de déconnexion a été envoyé par le RBC | Q43: Non specifie | S43: H.O Complet entre 216 et 315 | T43: dl Rxqual=3 | U43: dl rx level= -68 dbm | V43: OK | W43: OK | Y43: retransmission des trames HDLC*5
A44: 43 | B44: =AND(C44>=TODAY()-7, C44<=TODAY()-1) -> FALSE | C44: 45334 | D44: 0.34074074 | E44: 2009 | F44: 1208 | G44: M1 | H44: 1036 | I44: 35214500045461 | J44: Tanger/Casa | K44: 21.55 | L44: =VLOOKUP(K44,Liste!$L$2:$O$34,4,1) -> GSMR_04/05 | M44: N2 | N44: Ralentissement du train | O44: H.O complet entre 204 et 205,Bonne qualité /niveau de signal Requête de déconnexion a été envoyé par le RBC | Q44: Non specifie | R44: Puissance de la rame 1208 M1 dégradé | S44: H.O Complet entre 204 et 205 | T44: dl Rxqual=0 | U44: dl rx level= -48 dbm | V44: OK | W44: OK | Y44: retransmission des trames HDLC*5
A45: 44 | B45: =AND(C45>=TODAY()-7, C45<=TODAY()-1) -> FALSE | C45: 45335 | D45: 0.41046296 | F45: 1202 | G45: M2 | H45: 1023 | I45: 35214500045408 | J45: Casa/Tanger | K45: 87.187 | L45: =VLOOKUP(K45,Liste!$L$2:$O$34,4,1) -> GSMR_16/17 | M45: N2 | N45: Arrêt du train | O45: H.O complet entre 317 et 316,Bonne qualité /niveau de signal Requête de déconnexion a été envoyé par le RBC , absence de réponse coté bord , dans l'attente d'analyse des traces JRU | Q45: BORD | S45: H.O Complet entre 317 et 316 | T45: dl Rxqual=2 | U45: dl rx level= -48 dbm | V45: OK | W45: OK | Y45: retransmission des trames HDLC*5
A46: 45 | B46: =AND(C46>=TODAY()-7, C46<=TODAY()-1) -> FALSE | C46: 45335 | D46: 0.4719213 | E46: 2021 | F46: 1202 | G46: M1 | H46: 1043 | I46: 35214500045200 | J46: Tanger/Casa | K46: 64.387 | L46: =VLOOKUP(K46,Liste!$L$2:$O$34,4,1) -> GSMR_11/12 | M46: N2 | N46: Ralentissement du train | O46: H.O Failure entre 211 et 212,Bonne qualité /niveau de signal Requête de déconnexion a été envoyé par le RBC | Q46: BORD/GSMR | S46: H.O non finalisé entre 211 et 212 | T46: dl Rxqual=2 | U46: dl rx level= -68 dbm | V46: OK | W46: OK | Y46: retransmission des trames HDLC*5
A47: 46 | B47: =AND(C47>=TODAY()-7, C47<=TODAY()-1) -> FALSE | C47: 45336 | D47: 0.39270833 | E47: 1010 | F47: 1205 | G47: M2 | H47: 1050 | I47: 35214500045357 | J47: Casa/Tanger | K47: 188.245 | L47: =VLOOKUP(K47,Liste!$L$2:$O$34,4,1) -> GSMR_33/RAC | M47: N2 | N47: Ralentissement du train | O47: H.O complet entre 234 et 233,Bonne qualité /niveau de signal Requête de déconnexion a été envoyé par le RBC | Q47: BORD | R47: verification de la chaine antennaire | S47: H.O Complet entre 234 et 233 | T47: dl Rxqual=2 | U47: dl rx level= -48 dbm | V47: OK | W47: OK | Y47: retransmission des trames HDLC*5
A48: 47 | B48: =AND(C48>=TODAY()-7, C48<=TODAY()-1) -> FALSE | C48: 45336 | D48: 0.40177083 | E48: 1010 | F48: 1205 | G48: M2 | H48: 1051 | I48: 35214500045495 | J48: Casa/Tanger | K48: 186.87 | L48: =VLOOKUP(K48,Liste!$L$2:$O$34,4,1) -> GSMR_32/33 | M48: N2 | N48: Arrêt du train | O48: H.O complet entre 333 et 332,Bonne qualité /niveau de signal Requête de déconnexion a été envoyé a travers la BTS | Q48: BORD | R48: verification de la chaine antennaire | S48: H.O Complet entre 333 et 332 | T48: dl Rxqual=0 | U48: dl rx level= -50 dbm | V48: OK | W48: OK
A49: 48 | B49: =AND(C49>=TODAY()-7, C49<=TODAY()-1) -> FALSE | C49: 45336 | D49: 0.43475694 | E49: 1010 | F49: 1205 | G49: M2 | H49: 1051 | I49: 35214500045495 | J49: Casa/Tanger | K49: 7.321 | L49: =VLOOKUP(K49,Liste!$L$2:$O$34,4,1) -> GSMR_02/03 | M49: N2 | N49: Ralentissement du train | O49: H.O complet entre 303 et 202,Bonne qualité /niveau de signal Requête de déconnexion a été envoyé par le Bord | Q49: BORD | R49: verification de la chaine antennaire | S49: H.O Complet entre 303 et 202 | V49: OK | W49: OK | Y49: retransmission des trames HDLC*4
A50: 49 | B50: =AND(C50>=TODAY()-7, C50<=TODAY()-1) -> FALSE | C50: 45336 | D50: 0.4643287 | E50: 2021 | F50: 1204 | G50: M1 | H50: 4497 | J50: Tanger/Casa | K50: 14.99 | L50: =VLOOKUP(K50,Liste!$L$2:$O$34,4,1) -> GSMR_03/04 | M50: N2 | N50: Ralentissement du train | O50: H.O complet entre 303 et 204,Bonne qualité /niveau de signal Requête de déconnexion a été envoyé par RBC | Q50: Non specifie | S50: H.O Complet entre 303 et 204 | T50: dl Rxqual=0 | U50: dl rx level= -48 dbm | V50: OK | W50: OK | X50: Moyenne | Y50: retransmission des trames HDLC*5
A51: 50 | B51: =AND(C51>=TODAY()-7, C51<=TODAY()-1) -> FALSE | C51: 45336 | D51: 0.76252315 | F51: 1207 | G51: M1 | J51: Tanger/Casa | K51: 58.71 | L51: =VLOOKUP(K51,Liste!$L$2:$O$34,4,1) -> GSMR_10/11 | M51: N2 | N51: Ralentissement du train | O51: H.O non finalisé entre 323 et 222,Bonne qualité /niveau de signal Requête de déconnexion a été envoyé par RBC | Q51: BORD | R51: experimentation coté bord le 15/02/2024 | S51: H.O Complet entre 210 et 211 | T51: dl Rxqual=0 | U51: dl rx level= -67 dbm | V51: OK | W51: OK | Y51: retransmission des trames HDLC*5
A52: 51 | B52: =AND(C52>=TODAY()-7, C52<=TODAY()-1) -> FALSE | C52: 45337 | D52: 0.40255787 | E52: 1009 | F52: 1209 | G52: M2 | J52: Casa/Tanger | K52: 125.206 | L52: =VLOOKUP(K52,Liste!$L$2:$O$34,4,1) -> GSMR_22/23 | M52: N2 | N52: Arrêt du train | O52: H.O complet entre 323 et 222,Bonne qualité /niveau de signal Requête de déconnexion a été envoyé par RBC | Q52: RBC | R52: fonctionement anormal du RBC "AUI non justifié" ; attente reception de rapport de conduite | S52: H.O Complet entre 323 et 222 | T52: dl Rxqual=0 | U52: dl rx level= -48 dbm | V52: OK | W52: OK | Y52: retransmission des trames HDLC*5
A53: 52 | B53: =AND(C53>=TODAY()-7, C53<=TODAY()-1) -> FALSE | C53: 45337 | D53: 0.48909722 | E53: 1017 | F53: 1211 | G53: M2 | J53: Casa/Tanger | K53: 101.587 | L53: =VLOOKUP(K53,Liste!$L$2:$O$34,4,1) -> GSMR_18/19 | M53: N2 | N53: Ralentissement du train | O53: H.O complet entre 319 et 318, qualité de signal moyenne ,Requête de déconnexion a été envoyé par RBC | Q53: Non specifie | S53: H.O Complet entre 319 et 318 | T53: dl Rxqual=4 | U53: dl rx level= -57 dbm | V53: OK | W53: OK | Y53: retransmission des trames HDLC*4
A54: 53 | B54: =AND(C54>=TODAY()-7, C54<=TODAY()-1) -> FALSE | C54: 45339 | D54: 0.94361111 | E54: 1061 | F54: 1207 | G54: M2 | H54: 1007 | J54: Casa/Tanger | K54: 127.815 | L54: =VLOOKUP(K54,Liste!$L$2:$O$34,4,1) -> GSMR_22/23 | M54: N2 | N54: Ralentissement du train | O54: H.O Failure entre 223 et 321,Mauvaise qualité /niveau de signal Requête de déconnexion a été envoyé par le Bord | Q54: BORD/GSMR | S54: saut de la cellule 22 | T54: dl Rxqual=6 | U54: dl rx level= -77 dbm | V54: OK | W54: OK | X54: Mauvais | Y54: retransmission des trames HDLC*4
A55: 54 | B55: =AND(C55>=TODAY()-7, C55<=TODAY()-1) -> FALSE | C55: 45339 | D55: 0.40693287 | E55: 1009 | F55: 1207 | G55: M2 | H55: 1008 | I55: 35214500045654 | J55: Casa/Tanger | K55: 94.954 | L55: =VLOOKUP(K55,Liste!$L$2:$O$34,4,1) -> GSMR_17/18 | M55: N2 | N55: Ralentissement du train | O55: H.O non finalisé entre 318 et 217,Mauvaise qualité /niveau de signal Requête de déconnexion a été envoyé par Bord | Q55: BORD/GSMR | S55: H.O non finalisé entre 318 et 217 | T55: dl Rxqual=7 | U55: dl rx level= -85 dbm | V55: OK | W55: OK | X55: Mauvais | Y55: retransmission des trames HDLC*5
A56: 55 | B56: =AND(C56>=TODAY()-7, C56<=TODAY()-1) -> FALSE | C56: 45339 | D56: 0.83248843 | E56: 1049 | F56: 1205 | G56: M2 | H56: 1050 | I56: 35214500045357 | J56: Casa/Tanger | K56: 32.626 | L56: =VLOOKUP(K56,Liste!$L$2:$O$34,4,1) -> GSMR_06/07 | M56: N2 | N56: Ralentissement du train | O56: H.O Failure entre 307 et 306,Bonne qualité /niveau de signal Requête de déconnexion a été envoyé par le Bord | Q56: BORD | S56: H.O non finalisé entre 307 et 306 | T56: dl Rxqual=0 | U56: dl rx level= -62 dbm | V56: NOK | W56: OK | Y56: retransmission des trames HDLC*5
A57: 56 | B57: =AND(C57>=TODAY()-7, C57<=TODAY()-1) -> FALSE | C57: 45339 | D57: 0.77465278 | E57: 2049 | F57: 1201 | G57: M1 | H57: 7198 | J57: Tanger/Casa | K57: 141.898 | L57: =VLOOKUP(K57,Liste!$L$2:$O$34,4,1) -> GSMR_24/25 | M57: N2 | N57: Ralentissement du train | O57: H.O complet entre 224 et 225,Bonne qualité /niveau de signal Requête de déconnexion a été envoyé par RBC | Q57: BORD | S57: H.O Complet entre 224 et 225 | T57: dl Rxqual=0 | U57: dl rx level= -71 dbm | V57: OK | W57: OK | Y57: retransmission des trames HDLC*5
A58: 57 | B58: =AND(C58>=TODAY()-7, C58<=TODAY()-1) -> FALSE | C58: 45340 | D58: 0.89142361 | E58: 2061 | F58: 1212 | G58: M1 | H58: 1056 | I58: 35214500045217 | J58: Tanger/Casa | K58: 87.655 | L58: =VLOOKUP(K58,Liste!$L$2:$O$34,4,1) -> GSMR_16/17 | M58: N2 | N58: Ralentissement du train | O58: H.O complet entre 215 et 216, qualité de signal moyenne ,Requête de déconnexion a été envoyé par RBC | Q58: BORD | S58: H.O Complet entre 215 et 216 | T58: dl Rxqual=4 | U58: dl rx level= -67 dbm | V58: OK | W58: OK | Y58: retransmission des trames HDLC*5
A59: 58 | B59: =AND(C59>=TODAY()-7, C59<=TODAY()-1) -> FALSE | C59: 45341 | D59: 0.47547454 | E59: 2021 | F59: 1202 | G59: M1 | H59: 1043 | I59: 35214500045200 | J59: Tanger/Casa | K59: 91.365 | L59: =VLOOKUP(K59,Liste!$L$2:$O$34,4,1) -> GSMR_16/17 | M59: N2 | N59: Ralentissement du train | O59: H.O complet entre 216 et 217,Bonne qualité de signal ,Requête de déconnexion a été envoyé par RBC | Q59: Non specifie | S59: H.O Complet entre 216 et 217 | T59: dl Rxqual=0 | U59: dl rx level= -48 dbm | V59: OK | W59: OK | Y59: retransmission des trames HDLC*5
A60: 59 | B60: =AND(C60>=TODAY()-7, C60<=TODAY()-1) -> FALSE | C60: 45341 | D60: 0.67305556 | E60: 2041 | F60: 1204 | G60: M1 | H60: 1052 | I60: 35214500043740 | J60: Tanger/Casa | K60: 14.99 | L60: =VLOOKUP(K60,Liste!$L$2:$O$34,4,1) -> GSMR_03/04 | M60: N2 | N60: Ralentissement du train | O60: H.O complet entre 203 et 204,qualité de signal moyenne ,Requête de déconnexion a été envoyé par RBC | Q60: BORD | S60: H.O Complet entre 203 et 204 | T60: dl Rxqual=4 | U60: dl rx level= -81 dbm | V60: OK | W60: OK | X60: Mauvais | Y60: retransmission des trames HDLC*5
A61: 60 | B61: =AND(C61>=TODAY()-7, C61<=TODAY()-1) -> FALSE | C61: 45343 | D61: 0.41173611 | E61: 1010 | F61: 1209 | G61: M2 | H61: 1032 | I61: 35214500040638 | J61: Casa/Tanger | K61: 94.954 | L61: =VLOOKUP(K61,Liste!$L$2:$O$34,4,1) -> GSMR_17/18 | M61: N2 | N61: Ralentissement du train | O61: H.O Failure entre 318 et 217,mauvaise qualité /niveau de signal Requête de déconnexion a été envoyé par le Bord | Q61: BORD | R61: dans l'attente de verification de la rame 1209 | S61: H.O non finalisé entre 318 et 217 | T61: dl Rxqual=7 | U61: dl rx level= -78 dbm | V61: OK | W61: OK | Y61: retransmission des trames HDLC*4
A62: 61 | B62: =AND(C62>=TODAY()-7, C62<=TODAY()-1) -> FALSE | C62: 45343 | D62: 0.44825231 | F62: 1205 | G62: M2 | H62: 1035 | I62: 35214500046011 | J62: Casa/Tanger | K62: 94.954 | L62: =VLOOKUP(K62,Liste!$L$2:$O$34,4,1) -> GSMR_17/18 | M62: N2 | N62: Ralentissement du train | O62: H.O Failure entre 318 et 217,mauvaise qualité /niveau de signal Requête de déconnexion a été envoyé par le Bord | Q62: BORD | R62: Tiroir remplacé de la 1205 motrice 2 le 21/02/2024 | S62: H.O non finalisé entre 318 et 217 | T62: dl Rxqual=7 | U62: dl rx level= -80 dbm | V62: OK | W62: OK | Y62: Pas de retransmission des trames HDLC
A63: 62 | B63: =AND(C63>=TODAY()-7, C63<=TODAY()-1) -> FALSE | C63: 45343 | D63: 0.77459491 | E63: 1045 | F63: 1211 | G63: M2 | H63: 3063 | I63: 35214500046055 | J63: Casa/Tanger | K63: 153.686 | L63: =VLOOKUP(K63,Liste!$L$2:$O$34,4,1) -> GSMR_26/27 | M63: N2 | N63: Ralentissement du train | O63: H.O complet entre 327 et 326,Bonne qualité de signal ,Requête de déconnexion a été envoyé par RBC | Q63: BORD | S63: H.O Complet entre 327 et 326 | T63: dl Rxqual=2 | U63: dl rx level= -61 dbm | V63: OK | W63: OK | X63: Mauvais | Y63: retransmission des trames HDLC*5
A64: 63 | B64: =AND(C64>=TODAY()-7, C64<=TODAY()-1) -> FALSE | C64: 45343 | D64: 0.80027778 | E64: 2053 | F64: 1205 | G64: M1 | H64: 7218 | I64: 35214500045735 | J64: Tanger/Casa | K64: 28.457 | L64: =VLOOKUP(K64,Liste!$L$2:$O$34,4,1) -> GSMR_05/06 | M64: N2 | N64: Arrêt du train | O64: H.O complet entre 205 et 206, Bonne qualité de signal ,Requête de déconnexion a été envoyé par RBC | Q64: BORD | S64: H.O Complet entre 205 et 206 | T64: dl Rxqual=0 | U64: dl rx level= -47 dbm | V64: OK | W64: OK | Y64: retransmission des trames HDLC*5
A65: 64 | B65: =AND(C65>=TODAY()-7, C65<=TODAY()-1) -> FALSE | C65: 45343 | D65: 0.8253588 | F65: 1205 | G65: M1 | H65: 7218 | I65: 35214500045735 | J65: Tanger/Casa | K65: 126.51 | L65: =VLOOKUP(K65,Liste!$L$2:$O$34,4,1) -> GSMR_22/23 | M65: N2 | N65: Arrêt du train | O65: H.O Failure entre 222 et 323,mauvaise qualité /niveau de signal Requête de déconnexion a été envoyé par le Bord | Q65: BORD | S65: H.O non finalisé entre 222 et 323 | T65: dl Rxqual=7 | U65: dl rx level= -110 dbm | V65: OK | W65: OK | Y65: retransmission des trames HDLC*5
A66: 65 | B66: =AND(C66>=TODAY()-7, C66<=TODAY()-1) -> FALSE | C66: 45345 | D66: 0.73015046 | F66: 1204 | G66: M2 | H66: 1031 | I66: 35214500045491 | J66: Casa/Tanger | K66: 169.06 | L66: =VLOOKUP(K66,Liste!$L$2:$O$34,4,1) -> GSMR_29/30 | M66: N2 | N66: Ralentissement du train | O66: H.O complet entre 330 et 329, Bonne qualité de signal ,Requête de déconnexion a été envoyé par RBC | Q66: BORD | R66: A planifier apres | S66: H.O Complet entre 330 et 329 | T66: dl Rxqual=5 | U66: dl rx level= -47 dbm | V66: OK | W66: OK | Y66: retransmission des trames HDLC*5
A67: 66 | B67: =AND(C67>=TODAY()-7, C67<=TODAY()-1) -> FALSE | C67: 45345 | D67: 0.78601852 | E67: 1045 | F67: 1206 | G67: M2 | H67: 1041 | I67: 35214500045477 | J67: Casa/Tanger | K67: 68.656 | L67: =VLOOKUP(K67,Liste!$L$2:$O$34,4,1) -> GSMR_12/13 | M67: N2 | N67: Ralentissement du train | O67: H.O Failure entre 313 et 212,mauvaise qualité /niveau de signal Requête de déconnexion a été envoyé par le Bord | Q67: BORD | R67: Planification Urgent pour verification par la SMMRGV | S67: H.O non finalisé entre 313 et 212 | T67: dl Rxqual=7 | U67: dl rx level= -110 dbm | V67: OK | W67: OK | Y67: retransmission des trames HDLC*5
A68: 67 | B68: =AND(C68>=TODAY()-7, C68<=TODAY()-1) -> FALSE | C68: 45346 | D68: 0.29043981 | E68: 10075 | F68: 1209 | G68: M2 | H68: 1032 | I68: 35214500040638 | J68: Casa/Tanger | K68: 167.761 | L68: =VLOOKUP(K68,Liste!$L$2:$O$34,4,1) -> GSMR_28/29 | M68: N2 | N68: Ralentissement du train | O68: H.O complet entre 330 et 329, Bonne qualité de signal ,Requête de déconnexion a été envoyé par RBC | Q68: BORD | R68: Planification Urgent pour verification par la SMMRGV | S68: H.O Complet entre 330 et 329 | T68: dl Rxqual=0 | U68: dl rx level= -57 dbm | V68: OK | W68: OK | Y68: retransmission des trames HDLC*5
A69: 68 | B69: =AND(C69>=TODAY()-7, C69<=TODAY()-1) -> FALSE | C69: 45346 | D69: 0.53811343 | E69: 1021 | F69: 1201 | G69: M2 | H69: 1061 | I69: 35214500042751 | J69: Casa/Tanger | K69: 54.223 | L69: =VLOOKUP(K69,Liste!$L$2:$O$34,4,1) -> GSMR_09/10 | M69: N2 | N69: Arrêt du train | O69: H.O complet entre 224 et 323, Bonne qualité de signal ,Requête de déconnexion a été envoyé par RBC | Q69: BORD | R69: A planifier apres | S69: H.O Complet entre 224 et 323 | T69: dl Rxqual=1 | U69: dl rx level= -66 dbm | V69: OK | W69: OK | Y69: retransmission des trames HDLC*5
A70: 69 | B70: =AND(C70>=TODAY()-7, C70<=TODAY()-1) -> FALSE | C70: 45347 | D70: 0.58510417 | F70: 1212 | G70: M2 | H70: 1072 | I70: 35214500045424 | J70: Casa/Tanger | K70: 14.93 | L70: =VLOOKUP(K70,Liste!$L$2:$O$34,4,1) -> GSMR_03/04 | M70: N2 | N70: Ralentissement du train | O70: H.O complet entre 305 et 204, qualité de signal moyenne ,Requête de déconnexion a été envoyé par RBC | Q70: BORD | R70: Planification Urgent pour verification par la SMMRGV | S70: H.O Complet entre 305 et 204 | T70: dl Rxqual=4 | U70: dl rx level= -62 dbm | V70: OK | W70: OK | Y70: retransmission des trames HDLC*5
A71: 70 | B71: =AND(C71>=TODAY()-7, C71<=TODAY()-1) -> FALSE | C71: 45348 | D71: 0.36039352 | E71: 2009 | F71: 1209 | G71: M1 | H71: 7208 | I71: 35214500004427 | J71: Tanger/Casa | K71: 161.722 | L71: =VLOOKUP(K71,Liste!$L$2:$O$34,4,1) -> GSMR_27/28 | M71: N2 | N71: Ralentissement du train | O71: ping pong entre 227 et 228 ,Bonne qualité de signal Requête de déconnexion a été envoyé par le RBC | Q71: BORD | R71: Planification Urgent pour verification par la SMMRGV | S71: Ping pong entre 227 et 228 | T71: dl Rxqual=2 | U71: dl rx level= -48 dbm | V71: OK | W71: OK | Y71: retransmission des trames HDLC*5
A72: 71 | B72: =AND(C72>=TODAY()-7, C72<=TODAY()-1) -> FALSE | C72: 45349 | D72: 0.36681713 | E72: 1005 | F72: 1206 | G72: M2 | H72: 1041 | I72: 35214500045477 | J72: Casa/Tanger | K72: 84.392 | L72: =VLOOKUP(K72,Liste!$L$2:$O$34,4,1) -> GSMR_15/16 | M72: N2 | N72: Ralentissement du train | O72: H.O complet entre 317 et 216, Bonne qualité de signal ,Requête de déconnexion a été envoyé par RBC | Q72: BORD | R72: Planification Urgent pour verification par la SMMRGV | S72: H.O Complet entre 317 et 216 | T72: dl Rxqual=2 | U72: dl rx level= -62 dbm | V72: OK | W72: OK | Y72: retransmission des trames HDLC*5
A73: 72 | B73: =AND(C73>=TODAY()-7, C73<=TODAY()-1) -> FALSE | C73: 45349 | D73: 0.42255787 | E73: 2017 | F73: 1206 | G73: M1 | H73: 1055 | I73: 35214500036582 | J73: Tanger/Casa | K73: 13.713 | L73: =VLOOKUP(K73,Liste!$L$2:$O$34,4,1) -> GSMR_03/04 | M73: N2 | N73: Ralentissement du train | O73: H.O complet entre 303 et 204, Bonne qualité de signal ,Requête de déconnexion a été envoyé par RBC | Q73: BORD | R73: Planification Urgent pour verification par la SMMRGV | S73: H.O Complet entre 303 et 204 | T73: dl Rxqual=0 | U73: dl rx level= -58 dbm | V73: OK | W73: OK | Y73: retransmission des trames HDLC*5
A74: 73 | B74: =AND(C74>=TODAY()-7, C74<=TODAY()-1) -> FALSE | C74: 45349 | D74: 0.80376157 | E74: 2053 | F74: 1206 | G74: M1 | H74: 1055 | I74: 35214500036582 | J74: Tanger/Casa | K74: 57.662 | L74: =VLOOKUP(K74,Liste!$L$2:$O$34,4,1) -> GSMR_10/11 | M74: N2 | N74: Ralentissement du train | O74: H.O complet entre 209 et 210, Bonne qualité de signal ,Requête de déconnexion a été envoyé par RBC | Q74: BORD | R74: Planification Urgent pour verification par la SMMRGV | S74: H.O Complet entre 209 et 210 | T74: dl Rxqual=0 | U74: dl rx level= -62 dbm | V74: OK | W74: OK | Y74: retransmission des trames HDLC*5
A75: 74 | B75: =AND(C75>=TODAY()-7, C75<=TODAY()-1) -> FALSE | C75: 45350 | D75: 0.49436343 | E75: 1018 | F75: 1209 | G75: M2 | H75: 1032 | I75: 35214500040638 | J75: Casa/Tanger | K75: 73.526 | L75: =VLOOKUP(K75,Liste!$L$2:$O$34,4,1) -> GSMR_13/14 | M75: N2 | N75: Ralentissement du train | O75: H.O complet entre 314 et 313, Bonne qualité de signal ,Requête de déconnexion a été envoyé par RBC | Q75: BORD | R75: Planification Urgent pour verification par la SMMRGV | S75: H.O Complet entre 314 et 313 | T75: dl Rxqual=0 | U75: dl rx level= -48 dbm | V75: OK | W75: OK | Y75: retransmission des trames HDLC*5
A76: 75 | B76: =AND(C76>=TODAY()-7, C76<=TODAY()-1) -> FALSE | C76: 45352 | D76: 0.18737269 | E76: 2081 | F76: 1206 | G76: M1 | H76: 1055 | I76: 35214500036582 | J76: Tanger/Casa | K76: 65.514 | L76: =VLOOKUP(K76,Liste!$L$2:$O$34,4,1) -> GSMR_11/12 | M76: N2 | N76: Ralentissement du train | O76: H.O complet entre 211 et 212, Bonne qualité de signal ,Requête de déconnexion a été envoyé par RBC | Q76: BORD | S76: H.O Complet entre 211 et 212 | T76: dl Rxqual=0 | U76: dl rx level= -65 dbm | V76: OK | W76: OK | Y76: retransmission des trames HDLC*5
A77: 76 | B77: =AND(C77>=TODAY()-7, C77<=TODAY()-1) -> FALSE | C77: 45352 | D77: 0.26563657 | E77: 2001 | F77: 1208 | G77: M1 | H77: 1037 | I77: 35214500045488 | J77: Tanger/Casa | K77: 80.47 | L77: =VLOOKUP(K77,Liste!$L$2:$O$34,4,1) -> GSMR_14/15 | M77: N2 | N77: Ralentissement du train | O77: H.O complet entre 214 et 215, Bonne qualité de signal ,Requête de déconnexion a été envoyé par RBC | Q77: BORD | R77: dans l'attente de verification de la rame | S77: H.O Complet entre 214 et 215 | T77: dl Rxqual=0 | U77: dl rx level= -56 dbm | V77: OK | W77: OK | Y77: retransmission des trames HDLC*5
A78: 77 | B78: =AND(C78>=TODAY()-7, C78<=TODAY()-1) -> FALSE | C78: 45352 | D78: 0.46265046 | E78: 1013 | F78: 1208 | G78: M2 | H78: 1045 | I78: 35214500045098 | J78: Casa/Tanger | K78: 7.321 | L78: =VLOOKUP(K78,Liste!$L$2:$O$34,4,1) -> GSMR_02/03 | M78: N2 | N78: Ralentissement du train | O78: H.O complet entre 303 et 202, Bonne qualité de signal ,Requête de déconnexion a été envoyé par RBC | Q78: BORD | R78: dans l'attente de verification de la rame | S78: H.O Complet entre 303 et 202 | T78: dl Rxqual=0 | U78: dl rx level= -52 dbm | V78: OK | W78: OK | Y78: retransmission des trames HDLC*5
A79: 78 | B79: =AND(C79>=TODAY()-7, C79<=TODAY()-1) -> FALSE | C79: 45352 | D79: 0.54503472 | E79: 1021 | F79: 1206 | G79: M2 | H79: 1040 | I79: 35214500045480 | J79: Casa/Tanger | K79: 7.321 | L79: =VLOOKUP(K79,Liste!$L$2:$O$34,4,1) -> GSMR_02/03 | M79: N2 | N79: Ralentissement du train | O79: H.O non finalisé entre 303 et 202, Mauvaise qualité de signal ,Requête de déconnexion a été envoyé par Bord | Q79: BORD | S79: H.O Non Finalisé entre 303 et 202 | T79: dl Rxqual=5 | U79: dl rx level= -68 dbm | V79: OK | W79: OK | Y79: retransmission des trames HDLC*5
A80: 79 | B80: =AND(C80>=TODAY()-7, C80<=TODAY()-1) -> FALSE | C80: 45352 | D80: 0.64706019 | E80: 2037 | F80: 1209 | G80: M1 | H80: 7208 | I80: 35214500004427 | J80: Tanger/Casa | K80: 127.875 | L80: =VLOOKUP(K80,Liste!$L$2:$O$34,4,1) -> GSMR_22/23 | M80: N2 | N80: Ralentissement du train | O80: H.O complet entre 222 et 323, Bonne qualité de signal ,Requête de déconnexion a été envoyé par RBC | Q80: BORD | S80: H.O Complet entre 222 et 323 | T80: dl Rxqual=3 | U80: dl rx level= -48 dbm | V80: OK | W80: OK | Y80: retransmission des trames HDLC*5
A81: 80 | B81: =AND(C81>=TODAY()-7, C81<=TODAY()-1) -> FALSE | C81: 45352 | D81: 0.7537963 | E81: 2049 | F81: 1208 | G81: M1 | H81: 1036 | I81: 35214500045461 | J81: Tanger/Casa | K81: 7.381 | L81: =VLOOKUP(K81,Liste!$L$2:$O$34,4,1) -> GSMR_02/03 | M81: N2 | N81: Arrêt du train | O81: H.O complet entre 202 et 303, Bonne qualité de signal ,Requête de déconnexion a été envoyé par RBC | Q81: BORD | R81: dans l'attente de verification de la rame | S81: H.O Complet entre 202 et 303 | T81: dl Rxqual=3 | U81: dl rx level= -67 dbm | V81: OK | W81: OK | Y81: retransmission des trames HDLC*5
A82: 81 | B82: =AND(C82>=TODAY()-7, C82<=TODAY()-1) -> FALSE | C82: 45352 | D82: 0.81325231 | E82: 1049 | F82: 1209 | G82: M2 | H82: 1033 | I82: 35214500040707 | J82: Casa/Tanger | K82: 167.761 | L82: =VLOOKUP(K82,Liste!$L$2:$O$34,4,1) -> GSMR_28/29 | M82: N2 | N82: Ralentissement du train | O82: H.O complet entre 330 et 329, Mauvaise qualité de signal ,Requête de déconnexion a été envoyé par RBC | Q82: BORD | S82: H.O Complet entre 330 et 329 | T82: dl Rxqual=4 | U82: dl rx level= -57 dbm | V82: OK | W82: OK | Y82: retransmission des trames HDLC*5
A83: 82 | B83: =AND(C83>=TODAY()-7, C83<=TODAY()-1) -> FALSE | C83: 45352 | D83: 0.86128472 | E83: 1053 | F83: 1212 | G83: M2 | H83: 1072 | I83: 35214500045424 | J83: Casa/Tanger | K83: 122.536 | L83: =VLOOKUP(K83,Liste!$L$2:$O$34,4,1) -> GSMR_21/22 | M83: N2 | N83: Ralentissement du train | O83: H.O complet entre 222 et 321, Bonne qualité de signal ,Requête de déconnexion a été envoyé par Bord | Q83: BORD | R83: dans l'attente de verification de la rame | S83: H.O Complet entre 222 et 321 | T83: dl Rxqual=2 | U83: dl rx level= -76 dbm | V83: OK | W83: OK | Y83: retransmission des trames HDLC*5
A84: 83 | B84: =AND(C84>=TODAY()-7, C84<=TODAY()-1) -> FALSE | C84: 45353 | D84: 0.73056713 | E84: 2045 | F84: 1208 | G84: M1 | H84: 1037 | I84: 35214500045488 | J84: Tanger/Casa | K84: 126.51 | L84: =VLOOKUP(K84,Liste!$L$2:$O$34,4,1) -> GSMR_22/23 | M84: N2 | N84: Ralentissement du train | O84: H.O non finalisé entre 222 et 223, Bonne qualité de signal ,Requête de déconnexion a été envoyé par RBC | Q84: BORD | R84: dans l'attente de verification de la rame | S84: H.O Non Finalisé entre 222 et 223 | T84: dl Rxqual=1 | U84: dl rx level= -78 dbm | V84: OK | W84: NOK | Y84: retransmission des trames HDLC*5
A85: 84 | B85: =AND(C85>=TODAY()-7, C85<=TODAY()-1) -> FALSE | C85: 45354 | D85: 0.37371528 | E85: 1005 | F85: 1208 | G85: M2 | H85: 1044 | I85: 35214500045131 | J85: Casa/Tanger | K85: 32.626 | L85: =VLOOKUP(K85,Liste!$L$2:$O$34,4,1) -> GSMR_06/07 | M85: N2 | N85: Ralentissement du train | O85: H.O complet entre 307 et 306, Bonne qualité de signal ,Requête de déconnexion a été envoyé par RBC | Q85: BORD | R85: dans l'attente de verification de la rame | S85: H.O Complet entre 307 et 306 | T85: dl Rxqual=0 | U85: dl rx level= -57 dbm | V85: OK | W85: OK | Y85: retransmission des trames HDLC*5
A86: 85 | B86: =AND(C86>=TODAY()-7, C86<=TODAY()-1) -> FALSE | C86: 45355 | D86: 0.26394676 | E86: 2001 | F86: 1212 | G86: M1 | H86: 1057 | I86: 35214500045187 | J86: Tanger/Casa | K86: 68.956 | L86: =VLOOKUP(K86,Liste!$L$2:$O$34,4,1) -> GSMR_12/13 | M86: N2 | N86: Ralentissement du train | O86: H.O non finalisé entre 212 et 213, Bonne qualité de signal ,Requête de déconnexion a été envoyé par RBC | Q86: BORD | R86: rame a été verifié ; vswr 1,73 | S86: H.O non finalisé entre 212 et 213 | T86: dl Rxqual=1 | U86: dl rx level= -63 dbm | V86: NOK | W86: OK | Y86: retransmission des trames HDLC*5
A87: 86 | B87: =AND(C87>=TODAY()-7, C87<=TODAY()-1) -> FALSE | C87: 45356 | D87: 0.49703704 | E87: 1017 | F87: 1207 | G87: M2 | H87: 1008 | I87: 35214500045654 | J87: Casa/Tanger | K87: 44.47 | L87: =VLOOKUP(K87,Liste!$L$2:$O$34,4,1) -> GSMR_08/09 | M87: N2 | N87: Ralentissement du train | O87: H.O complet entre 309 et 308, Bonne qualité de signal ,Requête de déconnexion a été envoyé par RBC | Q87: BORD | S87: H.O Complet entre 309 et 308 | T87: dl Rxqual=0 | U87: dl rx level= -47 dbm | V87: OK | W87: OK | X87: Mauvais | Y87: retransmission des trames HDLC*5
A88: 87 | B88: =AND(C88>=TODAY()-7, C88<=TODAY()-1) -> FALSE | C88: 45356 | D88: 0.54293981 | E88: 1021 | F88: 1205 | G88: M2 | H88: 1035 | I88: 35214500046011 | J88: Casa/Tanger | K88: 17.59 | L88: =VLOOKUP(K88,Liste!$L$2:$O$34,4,1) -> GSMR_04/05 | M88: N2 | N88: Ralentissement du train | O88: H.O complet entre 305 et 204, Bonne qualité de signal ,Requête de déconnexion a été envoyé par RBC | Q88: Non specifie | S88: H.O Complet entre 305 et 204 | T88: dl Rxqual=0 | U88: dl rx level= -48 dbm | V88: OK | Y88: retransmission des trames HDLC*5
A89: 88 | B89: =AND(C89>=TODAY()-7, C89<=TODAY()-1) -> FALSE | C89: 45356 | D89: 0.54384259 | E89: 1021 | F89: 1205 | G89: M2 | H89: 1034 | J89: Casa/Tanger | K89: 13.713 | L89: =VLOOKUP(K89,Liste!$L$2:$O$34,4,1) -> GSMR_03/04 | M89: N2 | N89: Ralentissement du train | O89: accrochage au nouveau secteur 591 , | Q89: GSMR
A90: 89 | B90: =AND(C90>=TODAY()-7, C90<=TODAY()-1) -> FALSE | C90: 45356 | D90: 0.586875 | E90: 1025 | F90: 1209 | G90: M2 | H90: 1032 | I90: 35214500040638 | J90: Casa/Tanger | K90: 7.321 | L90: =VLOOKUP(K90,Liste!$L$2:$O$34,4,1) -> GSMR_02/03 | M90: N2 | N90: Arrêt du train | O90: H.O non finalisé entre 303 et 202, Bonne qualité de signal ,Requête de déconnexion a été envoyé par RBC | Q90: BORD | S90: H.O Non Finalisé entre 303 et 202 | T90: dl Rxqual=3 | U90: dl rx level= -67 dbm | V90: NOK | W90: OK | Y90: retransmission des trames HDLC*5
A91: 90 | B91: =AND(C91>=TODAY()-7, C91<=TODAY()-1) -> FALSE | C91: 45356 | D91: 0.76640046 | F91: 1212 | G91: M1 | H91: 1057 | J91: Tanger/Casa | K91: 87.715 | L91: =VLOOKUP(K91,Liste!$L$2:$O$34,4,1) -> GSMR_16/17 | M91: N2 | N91: Ralentissement du train | O91: H.O complet entre 215 et 216; Bonne qualité de signal ,Requête de déconnexion a été envoyé par RBC | Q91: BORD | R91: rame a été verifié ; vswr 1,73 | S91: H.O complet entre 215 et 216 | T91: dl Rxqual=4 | U91: dl rx level= -64 dbm | V91: OK | W91: NOK | Y91: retransmission des trames HDLC*5
A92: 91 | B92: =AND(C92>=TODAY()-7, C92<=TODAY()-1) -> FALSE | C92: 45356 | D92: 0.89675926 | E92: 2061 | F92: 1207 | G92: M1 | H92: 1046 | I92: 35229605039726 | J92: Tanger/Casa | K92: 127.875 | L92: =VLOOKUP(K92,Liste!$L$2:$O$34,4,1) -> GSMR_22/23 | M92: N2 | N92: Ralentissement du train | O92: H.O complet entre 222 et 223, Bonne qualité de signal ,Requête de déconnexion a été envoyé par RBC | Q92: BORD | S92: H.O complet entre 222 et 223 | T92: dl Rxqual=1 | U92: dl rx level= -47 dbm | V92: OK | W92: OK | Y92: retransmission des trames HDLC*5
A93: 92 | B93: =AND(C93>=TODAY()-7, C93<=TODAY()-1) -> FALSE | C93: 45357 | D93: 0.26668981 | E93: 1081 | F93: 1203 | G93: M2 | H93: 1027 | I93: 35214500045083 | J93: Casa/Tanger | K93: 115.893 | L93: =VLOOKUP(K93,Liste!$L$2:$O$34,4,1) -> GSMR_20/21 | M93: N2 | N93: Ralentissement du train | O93: H.O comple entre 321 et 320, Bonne qualité de signal ,Requête de déconnexion a été envoyé par RBC | Q93: BORD | S93: H.O complet entre 321 et 320 | T93: dl Rxqual=0 | U93: dl rx level= -65 dbm | V93: OK | W93: OK | Y93: retransmission des trames HDLC*5
A94: 93 | B94: =AND(C94>=TODAY()-7, C94<=TODAY()-1) -> FALSE | C94: 45358 | D94: 0.31111111 | E94: 1001 | F94: 1207 | G94: M2 | H94: 1008 | I94: 35214500045654 | J94: Casa/Tanger | K94: 180.388 | L94: =VLOOKUP(K94,Liste!$L$2:$O$34,4,1) -> GSMR_30/31 | M94: N2 | N94: Ralentissement du train | O94: H.O comple entre 331 et 330, Bonne qualité de signal ,Requête de déconnexion a été envoyé par RBC | Q94: BORD | S94: H.O complet entre 331 et 330 | T94: dl Rxqual=0 | U94: dl rx level= -62dbm | V94: OK | W94: OK | Y94: retransmission des trames HDLC*5
A95: 94 | B95: =AND(C95>=TODAY()-7, C95<=TODAY()-1) -> FALSE | C95: 45358 | D95: 0.54476852 | E95: 1021 | F95: 1204 | G95: M2 | H95: 1027 | I95: 35214500045491 | J95: Casa/Tanger | K95: 9.03 | L95: =VLOOKUP(K95,Liste!$L$2:$O$34,4,1) -> GSMR_02/03 | M95: N2 | N95: Ralentissement du train | O95: H.O comple entre 204 et 303, mauvaise qualité de signal ,Requête de déconnexion a été envoyé par RBC | Q95: BORD | S95: H.O complet entre 204 et 303 | T95: dl Rxqual=5 | U95: dl rx level= -47 dbm | V95: OK | W95: OK | Y95: retransmission des trames HDLC*5
A96: 95 | B96: =AND(C96>=TODAY()-7, C96<=TODAY()-1) -> FALSE | C96: 45360 | D96: 0.60797454 | E96: 2033 | F96: 1202 | G96: M1 | H96: 1042 | I96: 5214500045498 | J96: Tanger/Casa | K96: 75.84 | L96: =VLOOKUP(K96,Liste!$L$2:$O$34,4,1) -> GSMR_13/14 | M96: N2 | N96: Arrêt du train | O96: H.O comple entre 213 et 214, Bonne qualité de signal ,Requête de déconnexion a été envoyé par RBC | Q96: BORD | R96: Dans l'attente de la vérification de la rame | S96: H.O complet entre 213 et 214 | T96: dl Rxqual=4 | U96: dl rx level= -48 dbm | V96: OK | W96: OK | X96: Mauvais | Y96: retransmission des trames HDLC*5
A97: 96 | B97: =AND(C97>=TODAY()-7, C97<=TODAY()-1) -> FALSE | C97: 45360 | D97: 0.73231481 | E97: 1041 | F97: 1205 | G97: M2 | H97: 1034 | I97: 35214500043605 | J97: Casa/Tanger | K97: 149.014 | L97: =VLOOKUP(K97,Liste!$L$2:$O$34,4,1) -> GSMR_25/26 | M97: N2 | N97: Ralentissement du train | O97: H.O Non Finalisé entre 326 et 227, Bonne qualité de signal ,Requête de déconnexion a été envoyé par RBC | Q97: GSMR | R97: Analyse des statistiques HO | S97: H.O Non Finalisé entre 326 et 227 | T97: dl Rxqual=2 | U97: dl rx level= -64 dbm | V97: OK | W97: OK | Y97: retransmission des trames HDLC*5
A98: 97 | B98: =AND(C98>=TODAY()-7, C98<=TODAY()-1) -> FALSE | C98: 45361 | D98: 0.43760417 | E98: 1013 | F98: 1207 | G98: M2 | H98: 1008 | I98: 35214500045654 | J98: Casa/Tanger | K98: 182.865 | L98: =VLOOKUP(K98,Liste!$L$2:$O$34,4,1) -> GSMR_31/32 | M98: N2 | N98: Ralentissement du train | O98: H.O Complet entre 332 et 331, Bonne qualité de signal ,Requête de déconnexion a été envoyé par RBC | Q98: BORD | R98: Vérification de la chaine antennaire durant la s11 | S98: H.O complet entre 332 et 331 | T98: dl Rxqual=0 | U98: dl rx level= -47 dbm | V98: OK | W98: OK | Y98: retransmission des trames HDLC*5
A99: 98 | B99: =AND(C99>=TODAY()-7, C99<=TODAY()-1) -> FALSE | C99: 45361 | D99: 0.77128472 | E99: 1045 | F99: 1206 | G99: M2 | H99: 1041 | I99: 35214500045477 | J99: Casa/Tanger | K99: 171.537 | L99: =VLOOKUP(K99,Liste!$L$2:$O$34,4,1) -> GSMR_29/30 | M99: N2 | N99: Ralentissement du train | O99: H.O Complet entre 330 et 329, Moyenne qualité de signal ,Requête de déconnexion a été envoyé par RBC | Q99: BORD | R99: Replanification de vérification de la rame | S99: H.O complet entre 330 et 329 | T99: dl Rxqual=5 | U99: dl rx level= -48 dbm | V99: OK | W99: OK | Y99: retransmission des trames HDLC*5
A100: 99 | B100: =AND(C100>=TODAY()-7, C100<=TODAY()-1) -> FALSE | C100: 45362 | D100: 0.19719907 | E100: 2081 | F100: 1205 | G100: M1 | H100: 7218 | I100: 35214500045735 | J100: Tanger/Casa | K100: 101.587 | L100: =VLOOKUP(K100,Liste!$L$2:$O$34,4,1) -> GSMR_18/19 | M100: N2 | N100: Ralentissement du train | O100: H.O Complet entre 217 et 218, Bonne qualité de signal ,Requête de déconnexion a été envoyé par RBC | Q100: BORD | R100: Demande de remplacement cab radio | S100: H.O complet entre 217 et 218 | T100: dl Rxqual=0 | U100: dl rx level= -83 dbm | V100: OK | W100: OK | Y100: retransmission des trames HDLC*5
...

Sheet Dérangements N1 - LC
A1: N° ordre | B1: No Semaine | C1: Date | D1: Heure | E1: N° Train | F1: Rame | G1: Motrice / Cab | H1: Sens | I1: Km | J1: Evénement | K1: Description | L1: Motif | M1: Action
A2: 1 | B2: =WEEKNUM(C2,15) -> 16 | C2: 45761 | D2: 0.84305556 | E2: 2054 | F2: 1202 | G2: M1 | H2: Tanger/Casa | I2: 91.2 | J2: Arrêt du train | K2: Excès de vitesse, Groupe de balise incohérent, Avec arrêt d’urgence | L2: Reserve Travaux | M2: Traitement du point d'information par la solution d'impédance le 16/04
A3: 2 | B3: =WEEKNUM(C3,15) -> 17 | C3: 45770 | D3: 0.63333333 | E3: 1037 | F3: 1207 | G3: M2 | H3: Casa/Tanger | I3: 20.2 | J3: Arrêt du train | K3: Groupe de balise incohérent | L3: Responsabilité MOE, trancon de l'Installation non mis en service (hors perimetre infra) | M3: Signalé a MOE, verification de l'eurobalise et surveillance du passage de circulation
A4: 3 | B4: =WEEKNUM(C4,15) -> 17 | C4: 45771 | D4: 16:19:00 et 16:27:00 | E4: 2038 | F4: 1208 | G4: M1 | H4: Tanger/Casa | I4: 86,3 et 86,9 | J4: Arrêt du train | K4: Groupe de balise incohérent | L4: Reserve Travaux | M4: Traitement du point d'information par la solution d'impédance le 29/04
A5: 4 | B5: =WEEKNUM(C5,15) -> 21 | C5: 45794 | D5: 10h13 | E5: 1013 | F5: 1205 | G5: M2 | H5: Casa/Tanger | I5: 123.7 | J5: Arrêt du train | K5: signal répété fermé | L5: Reserve Travaux | M5: Traitement du point d'information par la solution d'impédance le jour meme, un mail a été adressé au MOE pour approfondir les investigations
A6: 5 | B6: =WEEKNUM(C6,15) -> 21 | C6: 45796 | D6: 16h57 | E6: 2034 2042 | F6: 1201 1203 | G6: M1 | H6: Tanger/Casa | I6: 86,7 et 86,45 86,5 et 86,8 | J6: Arrêt du train | K6: signal répété fermé | L6: Reserve Travaux | M6: Traitement du point d'information par la solution d'impédance le jour meme, un mail a été adressé au MOE pour approfondir les investigations
A7: 6 | B7: =WEEKNUM(C7,15) -> 21 | C7: 45798 | D7: 15h12 | E7: 2034 | F7: 1204 | G7: M1 | H7: Tanger/Casa | I7: 114.9 | J7: Arrêt du train | K7: signal répété fermé | L7: Reserve Travaux | M7: Traitement du point d'information par la solution d'impédance le jour meme, un mail a été adressé au MOE pour approfondir les investigations
A8: 7 | B8: =WEEKNUM(C8,15) -> 22 | C8: 45802 | D8: 17h00 | E8: 2042 | F8: 1207 | G8: M1 | H8: Tanger/Casa | I8: 121.3 | J8: Arrêt du train | K8: signal fermé | L8: Reserve Travaux | M8: Traitement du point d'information par la solution d'impédance le jour meme
A9: 8 | B9: =WEEKNUM(C9,15) -> 22 | C9: 28/05/2025 | D9: 10h35 | E9: 1009 | F9: 1208 | G9: M2 | H9: Casa/Tanger | I9: 121.3 | J9: Arrêt du train | K9: signal fermé | L9: Reserve Travaux | M9: Remplacement de l'eurobalise, et essai statique du signal
A10: 9 | B10: =WEEKNUM(C10,15) -> 22 | C10: 28/05/2025 | D10: 17h33 17h41 | E10: 2042 | F10: 1203 | G10: M1 | H10: Tanger/Casa | I10: 87,019 86,710 | J10: Arrêt du train | K10: signal fermé | L10: Reserve Travaux | M10: Traitement du point d'information par la solution d'impédance le jour meme
A11: 10 | B11: =WEEKNUM(C11,15) -> 22 | C11: 28/05/2025 | D11: 18h28 18h34 | E11: 2046 | F11: 1208 | G11: M1 | H11: Tanger/Casa | I11: 87,019 86,710 | J11: Arrêt du train | K11: signal fermé | L11: Reserve Travaux | M11: Remplacement de l'eurobalise, et essai statique du signal
A12: 11 | B12: =WEEKNUM(C12,15) -> 22 | C12: 29/05/2025 | D12: 19h21 19h29 | E12: 2050 | F12: 1208 | G12: M1 | H12: Tanger/Casa | I12: 86,800 86,500 | J12: Arrêt du train | K12: signal fermé | L12: Reserve Travaux | M12: En cours d'investigation, attente retour alstom
A13: 12 | B13: =WEEKNUM(C13,15) -> 23 | C13: 45809 | D13: 12h23 12h27 | E13: 2022 | F13: 1203 | G13: M1 | H13: Tanger/Casa | I13: 95+100 94+950 | J13: Arrêt du train | K13: signal Fermé (avec déclenchement alerte radio) | L13: Elément de sectionnement BRB défectueux, bon après remplacement et essai statique | M13: Remplacement de l'element de sectionement defectueux
A14: 13 | B14: =WEEKNUM(C14,15) -> 25 | C14: 45823 | D14: 20h41 | E14: 2054 | F14: 1208 | G14: M1 | H14: Tanger/Casa | I14: 86+700 | J14: Arrêt du train | K14: Signal fermé | L14: 22h30 : Balise fonctionne normale après passage plusieurs circulation | M14: Investigations en cours avec ALSTOM (La solution d'impedence est installée, l'essai statique de l'eurobalise RAS)
A15: 14 | B15: =WEEKNUM(C15,15) -> 27 | C15: 45837 | D15: 15h37 20h43 21h36 | E15: 2034 2054 2058 | F15: 1201 1208+1202 1201 | G15: M1 | H15: Tanger/Casa | I15: 87+600 | J15: Arrêt du train | K15: signal fermé | L15: Reserve Travaux | M15: raccordement à la terre du câble 3NSS, PI toujours sous surveillance
A16: 15 | B16: =WEEKNUM(C16,15) -> 27 | C16: 45838 | D16: 16h32 | E16: 2038 | F16: 1201 | G16: M1 | H16: Tanger/Casa | I16: 86+700 86+450 | J16: Arrêt du train | K16: signal fermé | L16: Reserve Travaux
A17: 16 | B17: =WEEKNUM(C17,15) -> 27 | C17: 45838 | D17: 19h16 21h40 | E17: 1045 1057 | F17: 1204/1211 1209 | G17: M1 | H17: Tanger/Casa | I17: 115+100 | J17: Arrêt du train | K17: Groupe de balise incohérent « Train trip » | L17: en cours | M17: Traitement du point d'information par la solution d'impédance est prévu le 07/05.
A18: 17 | B18: =WEEKNUM(C18,15) -> 28 | C18: 45845 | D18: 19h30 | E18: 2050 | F18: 1210 | G18: M1 | H18: Tanger/Casa | I18: 86+700 86+500 86+800 | J18: Arrêt du train | K18: signal fermé | L18: Bon après vérification et serrage des connecteurs de la zone sur le terrain. Installation reste sous surveillance. Pour le signal 114+76 les investigations sont en cours | M18: En attente d'un retour de la part Alstom, un FAX est en cours de traitement par la DMI pour envoi à Alstom
A19: 18 | B19: =WEEKNUM(C19,15) -> 29 | C19: 45852 | D19: 17h29 | E19: 2042 | F19: 1206 | G19: M1 | H19: Tanger/Casa | I19: 86+500 86+800 | J19: Arrêt du train | K19: signal fermé | L19: 19h30 : Bon après changement d’émetteur de zone adjacente 87.8 v2 par TU de zone 116.19 | M19: En attente d'un retour de la part d'Alstom
A20: 19 | B20: =WEEKNUM(C20,15) -> 34 | C20: 45888 | D20: 18h24 | E20: 2046 | G20: M1 | H20: Tanger/Casa | I20: 87+500 | J20: Arrêt du train | K20: Groupe de balise incohérent « Train trip » | L20: A 20h00 balise fonctionnelle après passage des circulation RAS
A21: 20 | B21: =WEEKNUM(C21,15) -> 35 | C21: 45894 | D21: 23h36 | E21: 2082 | F21: 1202 | G21: M1 | H21: Tanger/Casa | I21: 84+450 | J21: Arrêt du train | K21: signal fermé | L21: Bon après passage de circulation | M21: En attente d'un retour de la part d'Alstom
A22: 21 | B22: =WEEKNUM(C22,15) -> 35 | C22: 45895 | D22: 17h13 | E22: 2038 | F22: 1209 | G22: M1 | H22: Tanger/Casa | I22: 14+500 | J22: Arrêt du train | K22: Groupe de balise incohérent « Train trip » | L22: en cours
A23: 22 | B23: =WEEKNUM(C23,15) -> 36 | C23: 45899 | D23: 18h41 | E23: 2042 | F23: 1202 | G23: M1 | H23: Tanger/Casa | I23: 27+700 | J23: Arrêt du train | K23: Groupe de balise incohérent « Train trip » | L23: Intervention SE terminé à 20h35
A24: 23 | B24: =WEEKNUM(C24,15) -> 36 | C24: 45900 | D24: 12h57 | E24: 2022 | F24: 1207 | G24: M1 | H24: Tanger/Casa | I24: 25+300 | J24: Arrêt du train | K24: Groupe de balise incohérent « Train trip » | L24: 13h30 Bon après désactivation de group balise
A25: 24 | B25: =WEEKNUM(C25,15) -> 37 | C25: 45906 | D25: 05h00 | E25: 15335 | F25: 1204 | G25: M2 | H25: Casa/Tanger | I25: 86+400 | J25: Arrêt du train | K25: Groupe de balise incohérent « Train trip » | L25: 07h30 bon après passage deuxième circulation
A26: 25 | B26: =WEEKNUM(C26,15) -> 39 | C26: 45921 | D26: 15h30 | E26: 2034 | F26: 1205 | G26: M2 | H26: Casa/Tanger | I26: 114+700 | J26: Arrêt du train | K26: Groupe de Balise Rencontré en rouge | L26: 17h10, Bon après passage de trois circulations | M26: L’analyse des logs de l’enclenchement n’a révélé aucun dysfonctionnement. Une demande a été transmise à ALSTOM afin d’approfondir les investigations.
A27: 26 | B27: =WEEKNUM(C27,15) -> 39 | C27: 45922 | D27: 15h30 | E27: 1033 | G27: M1 | H27: Tanger/Casa | I27: 123+400 | J27: Arrêt du train | K27: O.S | L27: 16h30, Bon après passage du 2eme train, RAS après vérification | M27: après analyse des logs de l'enclenchement, une perte fugitive de communication entre la carte TEBD et l'eurobalise a été constaté, action corrective : rearmement de la carte TEBD et surveillance de l'installation
A28: 27 | B28: =WEEKNUM(C28,15) -> 41 | C28: 45935 | D28: 22h17 | E28: 1061 | F28: 1211 | G28: M1 | H28: Tanger/Casa | I28: 111+200 | J28: Arrêt du train | K28: un signal répété fermé | L28: Installation fonctionne normale bon après vérification | M28: Le Point d'information a été surveillé, pas d'anomalie détéctée
A29: 28 | B29: =WEEKNUM(C29,15) -> 43 | C29: 45947 | D29: 16h17 | E29: 2038 | F29: 1209 | G29: M2 | H29: Casa/Tanger | I29: 99+400 | J29: Arrêt du train | K29: Sur vitesse / acquittement de l’OS | L29: Balise fonctionne normale bon après passage du train
A30: 29 | B30: 44 | C30: 45956 | D30: 05h49 | E30: 15439 | G30: M1 | H30: Tanger/Casa | I30: 116.25 | J30: Arrêt du train | K30: Groupe de balise incohérent « Train trip » | L30: 07h30 Mauvais contact au niveau de BRB bon après remise en état
A31: 30 | B31: 45 | C31: 45966 | D31: 14h21 | E31: 1037 | F31: 1209 | G31: M2 | H31: Casa/Tanger | I31: 110+600 | J31: Arrêt du train | K31: Sur vitesse L’OS | L31: Le signal 110.6 a été répeté fermé lors du passage de train. | M31: Balise déja équipé par la soulution d'impédence proposé par ALSTOM, le comportement du PI a été surveillé pendant le passage de trois circulation
A32: 31 | B32: 47 | C32: 45980 | D32: 22h17 | E32: 1061 | F32: 1209 | G32: M2 | H32: Casa/Tanger | I32: 110+600 | J32: Arrêt du train | K32: un signal répété fermé | L32: Bon après essai de commutation au niveau de balise du signal 110.6 V1I
A33: 32 | B33: 50 | C33: 46001 | D33: 19h25 | E33: 1049 | F33: 1207 | G33: M1 | H33: Tanger/Casa | I33: 111+300 | J33: Arrêt du train | K33: Sémaphore au lieu VL au niveau ETCS | L33: rétabli à 20h30 après passage du deuxième train 20h30
A34: 33 | B34: 50 | C34: 46004 | D34: 17h18 | E34: 1041 | F34: 1204 | G34: M1 | H34: Tanger/Casa | I34: 116+57 | J34: Arrêt du train | K34: Voie libre répeté fermé | L34: 18h30 Bon après passage du deuxième train | M34: Pas d'anomalie detecté par l'équipe, bon après passage de la deuxieme circulation
A35: 34 | B35: 51 | C35: 44182 | D35: 21h10 | E35: 1061 | F35: 1205 | G35: M1 | H35: Tanger/Casa | I35: 13+800 | J35: Arrêt du train | K35: Groupe de balise incohérent | L35: Bon après passage circulation | M35: Trancon non exploité de l'ETCS N1
A36: 35 | B36: 51 | C36: 46009 | D36: 06h12 | E36: 1001 | F36: 1201 | G36: M1 | H36: Tanger/Casa | I36: 13+200 | J36: Arrêt du train | K36: Groupe de balise incohérent | L36: 10h00 Bon après couverture de la balise au km 13+50
A37: 36 | B37: 51 | C37: 46009 | D37: 07h10 | E37: 1005 | F37: 1210 | G37: M1 | H37: Tanger/Casa | I37: 13+300 | J37: Arrêt du train | K37: Groupe de balise incohérent | L37: 10h00 Bon après couverture de la balise au km 13+50
A38: 37 | B38: 51 | C38: 46009 | D38: 08h20 | E38: 1009 | F38: 1206 | G38: M1 | H38: Tanger/Casa | I38: 13+200 | J38: Arrêt du train | K38: Groupe de balise incohérent | L38: 10h00 Bon après couverture de la balise au km 13+50
A39: 38 | B39: 52 | C39: 46016 | D39: 18h10 | E39: 2042 | F39: 1203 | G39: M2 | H39: Casa/Tanger | I39: 12+100 | J39: Arrêt du train | K39: Groupe de balise incohérent | L39: Bon après passage circulation | M39: Trancon non exploité de l'ETCS N1
A40: 39 | B40: 52 | C40: 46016 | D40: 19h03 | E40: 2046 | F40: 1201 | G40: M2 | H40: Casa/Tanger | I40: 12+000 | J40: Arrêt du train | K40: Groupe de balise incohérent | L40: 10h00 Bon après couverture de la balise au km 12
A41: 40 | B41: 52 | C41: 46016 | D41: 20h11 | E41: 2050 | F41: 1204 | G41: M2 | H41: Casa/Tanger | I41: 12+200 | J41: Arrêt du train | K41: Groupe de balise incohérent | L41: 10h00 Bon après couverture de la balise au km 12+200
A42: 41 | B42: 5 | C42: 46054 | D42: 12h14 | F42: 1021 | G42: M1 | H42: Tanger/Casa | I42: 97+00 | J42: Arrêt du train | K42: Groupe de balise rencontré rouge | L42: Bon après remplacement carte COM-5 gérant les dites balises | M42: Remplacement de la carte defectueuse
A43: 42 | B43: 5 | C43: 46054 | D43: 12h25 | F43: 2022 | G43: M2 | H43: Casa/Tanger | I43: 97+00 | J43: Arrêt du train | K43: Groupe de balise rencontré rouge | L43: Bon après remplacement carte COM-5 gérant les dites balises
A44: 43 | B44: 6 | C44: 46059 | D44: 11h30 | E44: 1017 | F44: 1211 | G44: M1 | H44: Tanger/Casa | I44: 121+000 | J44: Arrêt du train | K44: Groupe balise raté de lecture | L44: Bon après passage autre circulation RAS

Sheet Liste
A1: cause_racine | B1: Rame | C1: Contributeurs | E1: Motrice | G1: Parcours | L1: début | M1: fin | N1: Interavlle | O1: Sites GSM-R | Q1: Rame | R1: Sous Systeme | V1: Evenement
A2: Bord | B2: 1201 | C2: C/R GSM-R | E2: M1 | G2: Tanger/Casa | H2: Tanger/Casa | I2: 2081/2082 | L2: 2.26 | M2: 3.69 | N2: =L2&" - "&M2 -> 2,26 - 3,69 | O2: GSMR_01/02 | Q2: 1201 | R2: BORD | S2: SGHAYER Achraf | T2: M1 | U2: Bon | V2: Ralentissement du train
A3: RBC | B3: 1202 | C3: Alstom | E3: M2 | G3: Casa/Tanger | I3: 2001/2002 | L3: 3.691 | M3: 9.641 | N3: =L3&" - "&M3 -> 3,691 - 9,641 | O3: GSMR_02/03 | Q3: 1202 | R3: GSMR | S3: ELHAJOUIA Achraf | T3: M2 | U3: Moyen | V3: Arrêt du train
A4: GSM-R | B4: 1203 | C4: AMI LGV | I4: 2005/2006 | L4: 9.642 | M4: 17.457 | N4: =L4&" - "&M4 -> 9,642 - 17,457 | O4: GSMR_03/04 | Q4: 1203 | R4: BORD/GSMR | S4: ISMALI ALAOUI Hamza | U4: Mauvais
A5: RBC/Bord | B5: 1204 | C5: AMI CCR SIG | I5: 2009/2010 | L5: 17.458 | M5: 23.557 | N5: =L5&" - "&M5 -> 17,458 - 23,557 | O5: GSMR_04/05 | Q5: 1204 | R5: RBC | S5: Fahd OUSSALH
A6: RBC/GSM-R | B6: 1205 | C6: AMI CCR GSMR | I6: 2013/2014 | L6: 23.558 | M6: 29.849 | N6: =L6&" - "&M6 -> 23,558 - 29,849 | O6: GSMR_05/06 | Q6: 1205 | R6: RBC/GSMR | S6: HARIRI Bahaeddine
A7: GSM-R/Bord | B7: 1206 | C7: SMMRGV | I7: 2017/2018 | L7: 29.85 | M7: 36.337 | N7: =L7&" - "&M7 -> 29,85 - 36,337 | O7: GSMR_06/07 | Q7: 1206 | R7: RBC/BORD | S7: Saad Elhabib
A8: Externe | B8: 1207 | C8: Huawei | I8: 2021/2022 | L8: 36.338 | M8: 43.037 | N8: =L8&" - "&M8 -> 36,338 - 43,037 | O8: GSMR_07/08 | Q8: 1207 | R8: NA | S8: Oussama ZEHOUANI
A9: GSM-R/RBC | B9: 1208 | C9: Thalès | I9: 2029/2030 | L9: 43.038 | M9: 49.318 | N9: =L9&" - "&M9 -> 43,038 - 49,318 | O9: GSMR_08/09 | Q9: 1208 | S9: Nassim NAJIM
A10: Signalisation | B10: 1209 | C10: Huawei/Thalès | I10: 2025/2026 | L10: 49.319 | M10: 55.174 | N10: =L10&" - "&M10 -> 49,319 - 55,174 | O10: GSMR_09/10 | Q10: 1209 | S10: ELGUEZZAR Anas
B11: 1210 | C11: Tous | I11: 2033/2034 | L11: 55.175 | M11: 60.163 | N11: =L11&" - "&M11 -> 55,175 - 60,163 | O11: GSMR_10/11 | Q11: 1210 | S11: MAROUANI Otmane
B12: 1211 | I12: 2037/2038 | L12: 60.164 | M12: 66.628 | N12: =L12&" - "&M12 -> 60,164 - 66,628 | O12: GSMR_11/12 | Q12: 1211 | S12: HAMZAOUI Youssef
B13: 1212 | I13: 2041/2042 | L13: 66.629 | M13: 71.311 | N13: =L13&" - "&M13 -> 66,629 - 71,311 | O13: GSMR_12/13 | Q13: 1212 | S13: LAGDEM Elmehdi
I14: 2045/2046 | L14: 71.312 | M14: 76.474 | N14: =L14&" - "&M14 -> 71,312 - 76,474 | O14: GSMR_13/14 | Q14: Tanger/Casa | S14: Noura MOUSSAOUI
I15: 2049/2050 | L15: 76.475 | M15: 80.728 | N15: =L15&" - "&M15 -> 76,475 - 80,728 | O15: GSMR_14/15 | Q15: Casa/Tanger | S15: Aymane ASSAL
I16: 2053/2054 | L16: 80.729 | M16: 85.772 | N16: =L16&" - "&M16 -> 80,729 - 85,772 | O16: GSMR_15/16 | S16: Mohamed rida SAFRI
I17: 2057/2058 | L17: 85.773 | M17: 92.59 | N17: =L17&" - "&M17 -> 85,773 - 92,59 | O17: GSMR_16/17
I18: 2061/2062 | L18: 92.591 | M18: 99.59 | N18: =L18&" - "&M18 -> 92,591 - 99,59 | O18: GSMR_17/18
I19: 10071/10072 | L19: 99.591 | M19: 105.347 | N19: =L19&" - "&M19 -> 99,591 - 105,347 | O19: GSMR_18/19
H20: Casa/Tanger | I20: 1081/1082 | L20: 105.348 | M20: 111.452 | N20: =L20&" - "&M20 -> 105,348 - 111,452 | O20: GSMR_19/20
I21: 1001/1002 | L21: 111.453 | M21: 118.92 | N21: =L21&" - "&M21 -> 111,453 - 118,92 | O21: GSMR_20/21
I22: 1005/1006 | L22: 118.921 | M22: 124.35 | N22: =L22&" - "&M22 -> 118,921 - 124,35 | O22: GSMR_21/22
I23: 1009/1010 | L23: 124.351 | M23: 128.97 | N23: =L23&" - "&M23 -> 124,351 - 128,97 | O23: GSMR_22/23
I24: 1013/1014 | L24: 128.971 | M24: 136.647 | N24: =L24&" - "&M24 -> 128,971 - 136,647 | O24: GSMR_23/24
I25: 1017/1018 | L25: 136.648 | M25: 143.22 | N25: =L25&" - "&M25 -> 136,648 - 143,22 | O25: GSMR_24/25
I26: 1021/1022 | L26: 143.221 | M26: 151.02 | N26: =L26&" - "&M26 -> 143,221 - 151,02 | O26: GSMR_25/26
I27: 1025/1026 | L27: 151.021 | M27: 157.53 | N27: =L27&" - "&M27 -> 151,021 - 157,53 | O27: GSMR_26/27
I28: 1029/1030 | L28: 157.531 | M28: 163.424 | N28: =L28&" - "&M28 -> 157,531 - 163,424 | O28: GSMR_27/28
I29: 1033/1034 | L29: 163.425 | M29: 168.75 | N29: =L29&" - "&M29 -> 163,425 - 168,75 | O29: GSMR_28/29
I30: 1037/1038 | L30: 168.751 | M30: 174.54 | N30: =L30&" - "&M30 -> 168,751 - 174,54 | O30: GSMR_29/30
I31: 1041/1042 | L31: 174.541 | M31: 182.85 | N31: =L31&" - "&M31 -> 174,541 - 182,85 | O31: GSMR_30/31
I32: 1045/1046 | L32: 182.851 | M32: 185.07 | N32: =L32&" - "&M32 -> 182,851 - 185,07 | O32: GSMR_31/32
I33: 1049/1050 | L33: 185.071 | M33: 187.232 | N33: =L33&" - "&M33 -> 185,071 - 187,232 | O33: GSMR_32/33
I34: 1053/1054 | L34: 187.233 | N34: =L34&" - "&M34 -> 187,233 - | O34: GSMR_33/RAC
I35: 1057/1058
I36: 1061/1062
I37: 10075/10076

Sheet Retard train
A1: N° ordre | B1: Date | C1: Heure | D1: N° Train | E1: Rame | F1: Motrice / Cab | G1: MRM | H1: Sens | I1: Km | J1: Intervalle | K1: Temps Perdu | L1: Evénement | M1: Cause_racine | N1: Sous Système mis en cause | O1: Traces ABIS A fournir par Huawei | P1: Traces RBC A fournir par AMI CCR | Q1: Traces Expandium (GSMR) A fournir par GSMR | R1: Fichier MRU | S1: Action | T1: Execution HO | U1: RxQual | V1: RxLev | W1: Voisinage (10sec) | X1: Com DTE-DCE | Y1: Retransmission trames HDLC/T.70 | Z1: Alarmes BTS | AA1: CIRE | AB1: CIERS | AC1: Acquittement AUC | AD1: BUG RBC | AE1: Liens PAI | AF1: Temps perdu2 | AG1: Pilote | AH1: Échéance
A2: 1 | B2: 45304 | C2: 0.64375 | D2: 2037 | E2: 1203 | F2: M1 | G2: 1024 | H2: Tanger/Casa | I2: 104 | J2: =VLOOKUP(I2,Liste!$L$2:$O$34,4,1) -> GSMR_18/19 | K2: 14 | L2: arrêt du train suite à un message de défaut " arrêt d'urgence inconditionnel" sur l'IHM aux alentours du site 18-19 | M2: aucune déconnexion | O2: à fournir | P2: à fournir | Q2: Fait | R2: Fait
A3: 2 | B3: 45328 | C3: 0.51805556 | D3: 2025 | E3: 1204 | F3: M1 | H3: Tanger/Casa | I3: 99.18 | J3: =VLOOKUP(I3,Liste!$L$2:$O$34,4,1) -> GSMR_17/18 | K3: 13 | L3: arrêt du train suite à une perte de liaison entre RBC et PAI | M3: aucune déconnexion | O3: à fournir | P3: à fournir | R3: à fournir
A4: 3 | B4: 45327 | C4: 0.86118056 | D4: 1053 | E4: 1207 | F4: M2 | G4: 1008 | H4: Casa/Tanger | I4: 119.867 | J4: =VLOOKUP(I4,Liste!$L$2:$O$34,4,1) -> GSMR_21/22 | K4: 1 | L4: RAS | M4: H.O complet entre 222 et 321,Bonne qualité /niveau de signal Requête de déconnexion a été envoyé par RBC | O4: à fournir | P4: à fournir | Q4: Fait | R4: à fournir | T4: H.O Complet entre 222 et 321 | U4: dl Rxqual=0 | V4: dl rx level= -48 dbm | X4: OK | Y4: retransmission des trames HDLC*5
A5: 4 | B5: 45332 | C5: 0.34011574 | D5: 2009 | E5: 1203 | F5: M1 | G5: 1025 | H5: Tanger/Casa | I5: 17.59 | J5: =VLOOKUP(I5,Liste!$L$2:$O$34,4,1) -> GSMR_04/05 | M5: H.O complet entre 203 et 204,Bonne qualité /niveau de signal Requête de déconnexion a été envoyé par RBC | P5: à fournir | Q5: à fournir | U5: H.O Complet entre 203 et 204 | V5: dl Rxqual=1 | W5: dl rx level= -56 dbm | X5: OK | Y5: retransmission des trames HDLC*5
A6: 66 | B6: 45342 | C6: 0.46150463 | D6: 2021 | E6: 1208 | F6: M1 | G6: 1037 | H6: Tanger/Casa | I6: 5.73 | J6: =VLOOKUP(I6,Liste!$L$2:$O$34,4,1) -> GSMR_02/03 | L6: Echec de connexion supervision radio ayant causé un arrêt de train , | M6: un problème au niveau des deux cartes DDPU du site GSM-R 2 | N6: incide | P6: à fournir | Q6: à fournir | R6: à fournir | Y6: retransmission des trames HDLC*5
A7: 67 | B7: 45342 | C7: 0.50359954 | D7: 2025 | E7: 1211 | F7: M1 | G7: 1029 | H7: Tanger/Casa | I7: 4.707 | J7: =VLOOKUP(I7,Liste!$L$2:$O$34,4,1) -> GSMR_02/03 | L7: Echec de connexion supervision radio ayant causé un arrêt de train , | M7: un problème au niveau des deux cartes DDPU du site GSM-R 2 | P7: à fournir | Q7: à fournir | R7: à fournir | Y7: retransmission des trames HDLC*5
A8: 68 | B8: 45369 | C8: 0.75326389 | E8: 1206 | F8: M2 | G8: 1040 | H8: Casa/Tanger | I8: 7.321 | J8: =VLOOKUP(I8,Liste!$L$2:$O$34,4,1) -> GSMR_02/03 | L8: Echec de connexion supervision radio ayant causé un Arret de Train post Trip | M8: H.O non finalisé entre 203 et 302, Mauvaise qualité de signal ,Requête de déconnexion a été envoyé par RBC | P8: à fournir | Q8: à fournir | R8: à fournir | T8: H.O non Finalisé entre 203 et 302 | U8: dl Rxqual=7 | V8: dl rx level= -65 dbm | W8: OK | X8: OK | Y8: retransmission des trames HDLC*5
A9: 117 | B9: 45381 | C9: 0.37819444 | D9: 2013 | E9: 1209 | F9: M1 | G9: 7208 | H9: Tanger/Casa | I9: 4.707 | J9: GSMR_02/03 | L9: Echec de connexion supervision radio ayant causé un Arret de Train En FS | N9: GSM-R | O9: à fournir | P9: à fournir | Q9: à fournir | R9: à fournir | S9: Analyse Spéctrale Prévu le 16/04/2024 | T9: H.O complet entre 201 et 302 | U9: dl Rxqual=6 | V9: dl rx level= -48 dbm | W9: OK | X9: OK | Y9: retransmission des trames HDLC*5
A10: 129 | B10: 45389 | C10: 0.64518519 | D10: 2037 | E10: 1211 | F10: M1 | G10: 1028 | H10: Tanger/Casa | I10: 92.561 | J10: GSMR_16/17 | K10: 4 | L10: Echec de connexion supervision radio ayant causé un Arret de Train post Trip | N10: BORD | O10: à fournir | P10: à fournir | Q10: à fournir | R10: à fournir | T10: H.O complet entre 215 et 216 | U10: dl Rxqual=0 | V10: dl rx level= -62 dbm | W10: OK | X10: OK | Y10: retransmission des trames HDLC*5
A11: 130 | B11: 45390 | C11: 0.58732639 | D11: 1025 | E11: 1209 | F11: M2 | G11: 1033 | H11: Casa/Tanger | I11: 7.321 | J11: GSMR_02/03 | K11: 5 | L11: Echec de connexion supervision radio ayant causé un Arret de Train En FS | N11: GSM-R | P11: à fournir | Q11: à fournir | R11: à fournir | S11: analyse Spéctrale Prévu | T11: H.O non Finalisé entre 303 et 202 | U11: dl Rxqual=6 | V11: dl rx level= -55 dbm | W11: OK | X11: OK | Y11: retransmission des trames HDLC*4
A12: 140 | B12: 45396 | C12: 0.30340278 | D12: 10075 | E12: 1201 | F12: M2 | G12: 1025 | H12: Casa/Tanger | I12: 125.206 | J12: GSMR_22/23 | L12: Echec de connexion supervision radio ayant causé un Arret de Train En mode Post trip | N12: Bord/RBC | P12: à fournir | Q12: à fournir | R12: à fournir | S12: on attendant croisement des traces JRU | T12: H.O complet entre 223 et 322 | U12: dl Rxqual=0 | V12: dl rx level= -78 dbm | W12: OK | X12: OK | Y12: retransmission des trames HDLC*5
A13: 149 | B13: 45403 | C13: 0.63822917 | D13: 2037 | E13: 1203 | F13: M1 | G13: 1025 | H13: Tanger/Casa | I13: 56.555 | J13: GSMR_10/11 | K13: - | L13: Echec de connexion supervision radio ayant causé un Arret de Train | N13: BORD | P13: à fournir | Q13: à fournir | R13: à fournir | S13: verification de la chaine antennaire | T13: H.O complet entre 209 et 210 | U13: dl Rxqual=5 | V13: dl rx level= -54 dbm | W13: OK | X13: OK | Y13: retransmission des trames HDLC*5
A14: 151 | B14: 45405 | C14: 0.54042824 | D14: 1021 | E14: 1208 | F14: M2 | G14: 1045 | H14: Casa/Tanger | I14: 35.016 | J14: GSMR_06/07 | K14: - | L14: Echec de connexion supervision radio ayant causé un Arret de Train mode Trip | N14: BORD | P14: à fournir | Q14: à fournir | R14: à fournir | S14: verification de la chaine antennaire | T14: H.O complet entre 208 et 307 | U14: dl Rxqual=2 | V14: dl rx level= -67 dbm | W14: OK | X14: OK | Y14: retransmission des trames HDLC*5
A15: 153 | B15: 45406 | C15: 0.41353009 | D15: 1009 | E15: 1205 | F15: M2 | G15: 1035 | H15: Casa/Tanger | I15: 78.155 | J15: GSMR_14/15 | K15: - | L15: Echec de connexion supervision radio ayant causé un Arret de Train mode Trip | N15: BORD | P15: à fournir | Q15: à fournir | R15: à fournir | S15: verification de la chaine antennaire | T15: H.O complet entre 315 et 314 | U15: dl Rxqual=0 | V15: dl rx level= -61 dbm | W15: OK | X15: OK | Y15: retransmission des trames HDLC*5
A16: 157 | B16: 45407 | C16: 0.58671296 | D16: 1025 | E16: 1208 | F16: M2 | G16: 1044 | H16: Casa/Tanger | I16: 7.321 | J16: GSMR_02/03 | K16: 4 | L16: Echec de connexion supervision radio ayant causé un Arret de Train | N16: GSMR/BORD | P16: à fournir | Q16: à fournir | R16: à fournir | S16: Attente analyse spectrale | T16: H.O Complet entre 303 et 202 | U16: dl Rxqual=7 | V16: dl rx level= -75 dbm | W16: OK | X16: OK | Y16: retransmission des trames HDLC*5
A17: 159 | B17: 45407 | C17: 0.83627315 | D17: 1049 | E17: 1209 | F17: M2 | G17: 1033 | H17: Casa/Tanger | I17: 7.321 | J17: GSMR_02/03 | K17: 4 | L17: Echec de connexion supervision radio ayant causé un Arret de Train | N17: GSMR/BORD | P17: à fournir | Q17: à fournir | R17: à fournir | S17: Attente analyse spectrale | T17: H.O Complet entre 303 et 302 | U17: dl Rxqual=7 | V17: dl rx level= -72 dbm | W17: OK | X17: OK | Y17: retransmission des trames HDLC*5
A18: 161 | B18: 45408 | C18: 0.9027662 | D18: 1058 | E18: 1202 | F18: M2 | G18: 1023 | H18: Casa/Tanger | I18: 143.112 | J18: GSMR_24/25 | L18: Echec de connexion supervision radio ayant causé un Arret de Train | N18: BORD | P18: à fournir | Q18: à fournir | R18: à fournir | S18: verification de la chaine antennaire | T18: H.O Complet entre 326 et 325 | U18: dl Rxqual=2 | V18: dl rx level= -70 dbm | W18: OK | X18: OK | Y18: retransmission des trames HDLC*5
A19: 176 | B19: 45418 | C19: 0.72407407 | D19: 2045 | E19: 1205 | F19: M1 | G19: 7217 | H19: Tanger/Casa | I19: 79.282 | J19: GSMR_14/15 | L19: Echec de connexion supervision radio ayant causé un Arret de Train | N19: BORD | P19: à fournir | Q19: à fournir | R19: à fournir | S19: en attente rapport du conducteur | T19: H.O Complet entre 214 et 215 | U19: dl Rxqual=0 | V19: dl rx level= -56 dbm | W19: OK | X19: NOK | Y19: retransmission des trames HDLC*5
A20: 177 | B20: 45419 | C20: 0.25769676 | D20: 1081 | E20: 1203 | F20: M2 | G20: 1027 | H20: Casa/Tanger | I20: 151.35 | J20: GSMR_26/27 | L20: Echec de connexion supervision radio ayant causé un Arret de Train | N20: BORD | P20: à fournir | Q20: à fournir | R20: à fournir | S20: en attente d'instoration des filtres | T20: H.O Complet entre 327 et 326 | U20: dl Rxqual=0 | V20: dl rx level= -48 dbm | W20: OK | X20: OK | Y20: retransmission des trames HDLC*5
A21: 182 | B21: 45420 | C21: 0.96346065 | D21: 1053 | E21: 1201 | F21: M2 | G21: 1060 | H21: Casa/Tanger | I21: 7.321 | J21: GSMR_02/03 | L21: Echec de connexion supervision radio ayant causé un Arret de Train | N21: GSMR/BORD | P21: à fournir | Q21: à fournir | R21: à fournir | S21: en attente d'instoration des filtres | T21: H.O non finalisé entre 303 et 202 | U21: dl Rxqual=7 | V21: dl rx level= -54 dbm | W21: OK | X21: OK | Y21: retransmission des trames HDLC*5
A22: 185 | B22: 45421 | C22: 0.87877315 | D22: 2061 | E22: 1207 | F22: M1 | G22: 1046 | H22: Tanger/Casa | I22: 6.13 | J22: GSMR_02/03 | L22: Echec de connexion supervision radio ayant causé un Arret de Train | N22: GSMR/BORD | P22: à fournir | Q22: à fournir | R22: à fournir | S22: en attente d'instoration des filtres | T22: H.O non finalisé entre 302 et 203 | U22: dl Rxqual=7 | V22: dl rx level= -52 dbm | W22: OK | X22: OK | Y22: retransmission des trames HDLC*5
A23: 187 | B23: 45423 | C23: 0.31611111 | D23: 2005 | E23: 1211 | F23: M1 | G23: 1029 | H23: Tanger/Casa | I23: 144.326 | J23: GSMR_25/26 | L23: Echec de connexion supervision radio ayant causé un Arret de Train | N23: BORD | P23: à fournir | Q23: à fournir | R23: à fournir | S23: en attente décision de remplacement CAB Radio | T23: H.O Complet entre 224 et 225 | U23: dl Rxqual=0 | V23: dl rx level= -68 dbm | W23: OK | X23: OK | Y23: retransmission des trames HDLC*5
A24: 189 | B24: 45423 | C24: 0.58097222 | D24: 1025 | E24: 1205 | F24: M2 | G24: 1034 | H24: Casa/Tanger | I24: 74.713 | J24: GSMR_13/14 | L24: Echec de connexion supervision radio ayant causé un Arret de Train | N24: BORD | P24: à fournir | Q24: à fournir | R24: à fournir | S24: en attente décision de remplacement CAB Radio | T24: H.O Complet entre 313 et 314 | U24: dl Rxqual=0 | V24: dl rx level= -58 dbm | W24: OK | X24: OK | Y24: Pas de retransmission des trames HDLC
A25: 190 | B25: 45423 | C25: 0.69042824 | D25: 1037 | E25: 1202 | F25: M2 | G25: 1022 | H25: Casa/Tanger | I25: 153.686 | J25: GSMR_26/27 | K25: 6 | L25: Echec de connexion supervision radio ayant causé un Arret de Train | N25: BORD | P25: à fournir | Q25: à fournir | R25: à fournir | S25: en attente décision de remplacement CAB Radio | T25: H.O non finalisé entre 327 et 326 | U25: dl Rxqual=5 | V25: dl rx level= -66 dbm | W25: NOK | X25: OK | Y25: retransmission des trames HDLC*5
A26: 194 | B26: 45424 | C26: 0.79530093 | D26: 2053 | E26: 1207 | F26: M1 | G26: 1047 | H26: Tanger/Casa | I26: 6.13 | J26: GSMR_02/03 | L26: Echec de connexion supervision radio ayant causé un Arret de Train | N26: BORD | P26: à fournir | Q26: à fournir | R26: à fournir | S26: en attente décision de remplacement CAB Radio | T26: H.O non finalisé entre 203 et 301 | U26: dl Rxqual=7 | V26: dl rx level= -65 dbm | W26: OK | X26: OK | Y26: retransmission des trames HDLC*5
A27: 212 | B27: 45435 | C27: 0.67003472 | D27: 2041 | E27: 1207 | F27: M1 | G27: 1046 | H27: Tanger/Casa | I27: 6.13 | J27: GSMR_02/03 | L27: Echec de connexion supervision radio ayant causé un Arret de Train | N27: Bord | P27: à fournir | Q27: à fournir | R27: à fournir | S27: en attente décision de remplacement CAB Radio | T27: H.O non finalisé entre 202 et 201 | U27: dl Rxqual=2 | V27: dl rx level= -49 dbm | W27: NOK | X27: OK | Y27: retransmission des trames HDLC*5
A28: 221 | B28: 45439.677 | C28: 0.67731481 | D28: 2041 | E28: 1202 | F28: M1 | G28: 1043 | H28: Tanger/Casa | I28: 48.426 | J28: GSMR_08/09 | K28: 6 | L28: Echec de connexion supervision radio ayant causé un Arret de Train | N28: Bord | P28: à fournir | Q28: à fournir | R28: à fournir | S28: en attente décision de remplacement CAB Radio | T28: H.O Complet entre 208 et 209 | U28: dl Rxqual=0 | V28: dl rx level= -55 dbm | W28: OK | X28: OK | Y28: retransmission des trames HDLC*5
A29: 228 | B29: 45440.838 | C29: 0.838125 | D29: 1049 | E29: 1202 | F29: M2 | G29: 1023 | H29: Casa/Tanger | I29: 25.91 | J29: GSMR_05/06 | K29: 1 | L29: Echec de connexion supervision radio ayant causé un Arret de Train | N29: Bord | P29: à fournir | Q29: à fournir | R29: à fournir | S29: en attente décision de remplacement CAB Radio | T29: H.O non finalisé entre 207 et 305 | U29: dl Rxqual=7 | V29: dl rx level= -93 dbm | W29: OK | X29: OK | Y29: retransmission des trames HDLC*5
A30: 233 | B30: 45441.795 | C30: 0.79493056 | E30: 1209 | F30: M2 | G30: 1033 | H30: Casa/Tanger | I30: 7.321 | J30: GSMR_02/03 | K30: 11 | L30: Echec de connexion supervision radio ayant causé un Arret de Train | N30: Bord | P30: à fournir | Q30: à fournir | R30: à fournir | S30: en attente décision de remplacement CAB Radio | T30: H.O non finalisé entre 303 et 202 | U30: dl Rxqual=7 | V30: dl rx level= -54 dbm | W30: OK | X30: OK | Y30: retransmission des trames HDLC*5
A31: 235 | B31: 45442.937 | C31: 0.39341435 | D31: 2013 | E31: 1201 | F31: M1 | G31: 7198 | H31: Tanger/Casa | I31: 97.619 | J31: GSMR_17/18 | L31: Echec de connexion supervision radio ayant causé un Arret de Train | N31: Bord | P31: à fournir | Q31: à fournir | R31: à fournir | S31: en attente décision de remplacement CAB Radio | T31: H.O Complet entre 217 et 218 | U31: dl Rxqual=0 | V31: dl rx level= -48 dbm | W31: OK | X31: OK | Y31: retransmission des trames HDLC*5
B32: 45442.937 | C32: 0.54261574 | D32: 1021 | E32: 1204 | F32: M2 | G32: 1031 | H32: Casa/Tanger | I32: 17.59 | J32: GSMR_04/05 | K32: 3 | L32: Echec de connexion supervision radio ayant causé un Arret de Train | N32: Bord/GSMR | P32: à fournir | Q32: à fournir | R32: à fournir | S32: en attente décision de remplacement CAB Radio / Zone Sous surveillance | T32: H.O Complet entre 305 et 204 | U32: dl Rxqual=0 | V32: dl rx level= -52 dbm | W32: OK | X32: OK | Y32: retransmission des trames HDLC*5
A33: 239 | B33: 45442.937 | C33: 0.87877315 | D33: 2061 | E33: 1211 | F33: M1 | G33: 1028 | H33: Tanger/Casa | I33: 6.13 | J33: GSMR_02/03 | K33: 1 | L33: Echec de connexion supervision radio ayant causé un Arret de Train | N33: Bord | P33: à fournir | Q33: à fournir | R33: à fournir | S33: en attente décision de remplacement CAB Radio | T33: H.O non finalisé entre 302 et 201 | U33: dl Rxqual=4 | V33: dl rx level= -56 dbm | W33: OK | X33: OK | Y33: retransmission des trames HDLC*5
A34: 242 | B34: 45444 | C34: 0.55820602 | D34: 1025 | E34: 1208 | F34: M2 | G34: 1044 | H34: Casa/Tanger | I34: 133.7 | J34: GSMR_23/24 | K34: 5 | L34: Echec de connexion supervision radio ayant causé un Arret de Train | P34: à fournir | Q34: à fournir | R34: à fournir | T34: H.O Complet entre 99 et 233 | U34: dl Rxqual=7 | V34: dl rx level= -66 dbm | W34: OK | X34: OK | Y34: retransmission des trames HDLC*5
A35: 243 | B35: 45444 | C35: 0.71216435 | D35: 2045 | E35: 1201 | F35: M1 | G35: 7206 | H35: Tanger/Casa | I35: 6.13 | J35: GSMR_02/03 | L35: Echec de connexion supervision radio ayant causé un Arret de Train | P35: à fournir | Q35: à fournir | R35: à fournir | T35: H.O non finalisé entre 202 et 201 | U35: dl Rxqual=7 | V35: dl rx level= -55 dbm | W35: NOK | X35: OK | Y35: retransmission des trames HDLC*5
A36: 250 | B36: 45446 | C36: 0.79491898 | D36: 2053 | E36: 1201 | F36: M1 | G36: 1045 | H36: Tanger/Casa | I36: 6.13 | J36: GSMR_02/03 | K36: 1 | L36: Echec de connexion supervision radio ayant causé un Arret de Train | P36: à fournir | Q36: à fournir | R36: à fournir | T36: H.O non finalisé entre 202 et 303 | U36: dl Rxqual=4 | V36: dl rx level= -52 dbm | W36: OK | X36: OK | Y36: retransmission des trames HDLC*5
A37: 253 | B37: 45447 | C37: 0.9615162 | D37: 1061 | E37: 1207 | F37: M2 | G37: 1007 | H37: Casa/Tanger | I37: 7.321 | J37: GSMR_02/03 | K37: 1 | L37: Echec de connexion supervision radio ayant causé un Arret de Train | P37: à fournir | Q37: à fournir | R37: à fournir | T37: H.O non finalisé entre 303 et 202 | U37: dl Rxqual=7 | V37: dl rx level= -56 dbm | W37: OK | X37: OK | Y37: retransmission des trames HDLC*5
A38: 257 | B38: 45452 | C38: 0.66559028 | D38: 1034 | E38: 1211 | F38: M2 | G38: 3062 | H38: Casa/Tanger | I38: 26.739 | J38: GSMR_05/06 | L38: Echec de connexion supervision radio ayant causé un Arret de Train | M38: H.O Complet entre 307 et 306 Bonne qualité de signal ,Requête de déconnexion a été envoyé par le RBC | N38: BORD | P38: à fournir | Q38: à fournir | R38: ok | S38: Dans l'attente de la mise en place des tiroires monomode | T38: H.O Complet entre 307 et 306 | U38: dl Rxqual=0 | V38: dl rx level= -48 dbm | W38: OK | X38: OK | Y38: retransmission des trames HDLC*5
A39: 259 | B39: 45453 | C39: 0.83270833 | D39: 1049 | E39: 1209 | F39: M2 | G39: 1033 | H39: Casa/Tanger | I39: 31.351 | J39: GSMR_06/07 | L39: Echec de connexion supervision radio ayant causé un Arret de Train | M39: H.O Complet entre 307 et 306 Bonne qualité de signal ,Requête de déconnexion a été envoyé par le RBC | N39: BORD | P39: à fournir | Q39: à fournir | R39: ok | S39: Dans l'attente de la mise en place des tiroires monomode | T39: H.O Complet entre 307 et 306 | U39: dl Rxqual=0 | V39: dl rx level= -48 dbm | W39: OK | X39: OK | Y39: Pas de retransmission des trames HDLC
A40: 261 | B40: 45454 | C40: 07:22:20 | D40: 2005 | E40: 1201 | F40: M1 | G40: 7198 | H40: Tanger/Casa | I40: 78.155 | J40: GSMR_14/15 | L40: Echec de connexion supervision radio ayant causé un arrêt de train | M40: H.O finalisé entre 214 et 215 bonne qualité de signal, Requête de déconnexion a été envoyé à travers la BTS | N40: BORD | P40: à fournir | Q40: à fournir | R40: ok | S40: Dans l'attente de la mise en place des tiroires monomode | T40: H.O finalisé entre 214 et 215 | U40: dl Rxqual=0 | V40: dl rx level= -53 dbm | W40: OK | X40: OK | Y40: Pas de retransmission des trames HDLC
A41: 263 | B41: 45454 | C41: 0.50494213 | D41: 1017 | E41: 1201 | F41: M2 | G41: 1060 | H41: Casa/Tanger | I41: 7.321 | J41: GSMR_02/03 | L41: Echec de connexion supervision radio ayant causé un arrêt de train | M41: H.O non finalisé entre 303 et 202 bonne qualité de signal, Requête de déconnexion a été envoyé par le RBC | N41: BORD | P41: à fournir | Q41: à fournir | R41: ok | S41: Dans l'attente de la mise en place des tiroires monomode | T41: H.O non finalisé entre 303 et 202 | U41: dl Rxqual=7 | V41: dl rx level= -57 dbm | W41: OK | X41: OK | Y41: Retransmission des trames HDLC*5
A42: 266 | B42: 45456 | C42: 0.79769676 | D42: 1045 | E42: 1210 | F42: M2 | G42: 1020 | H42: Casa/Tanger | I42: 7.321 | J42: GSMR_02/03 | K42: 1 | L42: Echec de connexion supervision radio ayant causé un arrêt de train En Mode FS | M42: H.O non finalisé entre 303 et 202 Mauvaise qualité de signal, Requête de déconnexion a été envoyé par le BORD | N42: BORD | S42: Dans l'attente de la mise en place des tiroires monomode | T42: H.O non finalisé entre 303 et 202 | U42: dl Rxqual=7 | V42: dl rx level= -59 dbm | W42: OK | X42: OK | Y42: Retransmission des trames HDLC*5
A43: 267 | B43: 45457 | C43: 0.67115741 | D43: 1034 | E43: 1209 | F43: M2 | G43: 1032 | H43: Casa/Tanger | I43: 7.321 | J43: =VLOOKUP(I43,Liste!$L$2:$O$34,4,1) -> GSMR_02/03 | K43: 1 | L43: Echec de connexion supervision radio ayant causé un arrêt de train En Mode FS | M43: H.O non finalisé entre 303 et 202 Mauvaise qualité de signal, Requête de déconnexion a été envoyé par le MSC | N43: BORD | O43: à fournir | P43: à fournir | Q43: ok | R43: à fournir | S43: Dans l'attente de la mise en place des tiroires monomode | T43: H.O non finalisé entre 303 et 202 | U43: dl Rxqual=7 | V43: dl rx level= -54 dbm | W43: OK | X43: OK | Y43: Retransmission des trames HDLC*5
A44: 270 | B44: 45460 | C44: 0.96180556 | D44: 1062 | E44: 1205 | F44: M2 | G44: 1034 | H44: Casa/Tanger | I44: 7.321 | J44: =VLOOKUP(I44,Liste!$L$2:$O$34,4,1) -> GSMR_02/03 | K44: 1 | L44: Echec de connexion supervision radio ayant causé un Arret de Train | M44: H.O non finalisé entre 303 et 202 qualité /niveau de signal : dl rx-qual=7 , dl rx level = -59 dbm. ,Requête de déconnexion a été envoyée par le MSC | N44: BORD | O44: à fournir | P44: à fournir | Q44: ok | R44: à fournir | S44: Dans l'attente de la mise en place des tiroires monomode | T44: H.O non finalisé entre 303 et 202 | U44: dl Rxqual=7 | V44: dl rx level= -65 dbm | W44: OK | X44: OK | Y44: Retransmission des trames HDLC*5
A45: 272 | B45: 45461 | C45: 0.79618056 | D45: 1045 | E45: 1210 | F45: M2 | G45: 1020 | H45: Casa/Tanger | I45: 7.321 | J45: GSMR_02/03 | K45: 1 | L45: Echec de connexion supervision radio ayant causé un Arret de Train | M45: H.O Complete entre 303 et 202 qualité /niveau de signal : dl rx-qual=0 , dl rx level = -50 dbm. ,Requête de déconnexion a été envoyée par le RBC | N45: BORD | O45: à fournir | P45: à fournir | Q45: ok | R45: à fournir | S45: Dans l'attente de la mise en place des tiroires monomode | T45: H.O : Complet entre 303 et 302 | U45: dl Rxqual=0 | V45: dl rx level= -50 dbm | W45: OK | X45: OK | Y45: Retransmission des trames HDLC*5
A46: 273 | B46: 45461 | C46: 0.87798611 | D46: 1053 | E46: 1202 | F46: M2 | G46: 1022 | H46: Casa/Tanger | I46: 7.321 | J46: GSMR_02/03 | K46: 1 | L46: Echec de connexion supervision radio ayant causé un Arret de Train | M46: H.O non finalisé entre 303 et 202 qualité /niveau de signal : dl rx-qual=7 , dl rx level = -57 dbm. ,Requête de déconnexion a été envoyée par le MSC | N46: BORD | O46: à fournir | P46: à fournir | Q46: ok | R46: à fournir | S46: Dans l'attente de la mise en place des tiroires monomode | T46: H.O non finalisé entre 303 et 202 | U46: dl Rxqual=7 | V46: dl rx level= -59 dbm | W46: OK | X46: OK | Y46: Retransmission des trames HDLC*5
A47: 277 | B47: 45465 | C47: 0.50446759 | D47: 1017 | E47: 1207 | F47: M2 | G47: 1007 | H47: Casa/Tanger | I47: 7.321 | J47: GSM-R_03/02 | K47: 1 | L47: Echec de connexion supervision radio ayant causé un Arret de Train | M47: H.O Complete entre 303 et 302 qualité /niveau de signal : dl rx-qual=7 , dl rx level = -68dbm. ,Requête de déconnexion a été envoyée par le RBC | N47: BORD | O47: à fournir | P47: à fournir | Q47: ok | R47: à fournir | S47: Dans l'attente de la mise en place des tiroires monomode | T47: H.O : Complet entre 303 et 302 | U47: dl Rxqual=7 | V47: dl rx level= -68dbm | W47: OK | X47: OK | Y47: Retransmission des trames HDLC*5
A48: 288 | B48: 45468 | C48: 0.96140046 | D48: 1061 | E48: 1209 | F48: M2 | G48: 1033 | H48: Casa/Tanger | I48: 13.713 | J48: GSM-R_03/04 | K48: 1 | L48: Echec de connexion supervision radio ayant causé un Arret de Train | M48: H.O non finalisé entre 303 et 202 qualité /niveau de signal : dl rx-qual=7 , dl rx level = -62 dbm. ,Requête de déconnexion a été envoyée par le MSC | O48: à fournir | P48: à fournir | Q48: ok | R48: à fournir | T48: H.O : Complet entre 303 et 303 | U48: dl Rxqual=7 | V48: dl rx level= -62 dbm | W48: OK | X48: OK | Y48: Retransmission des trames HDLC*5
A49: 293 | B49: 45470 | C49: 0.8790162 | D49: 2061 | E49: 1207 | F49: M1 | G49: 1046 | H49: Tanger/Casa | I49: 6.13 | J49: =VLOOKUP(I49,Liste!$L$2:$O$34,4,1) -> GSMR_02/03 | K49: 1 | L49: Echec de connexion supervision radio ayant causé un Arret de Train | M49: H.O non finalisé entre 202 et 303 qualité /niveau de signal : dl rx-qual=7 , dl rx level = -52 dbm. ,Requête de déconnexion a été envoyée par le MSC | N49: BORD | O49: à fournir | P49: à fournir | Q49: ok | R49: à fournir | T49: H.O : Non finalise entre 202 et 303 | U49: dl Rxqual=7 | V49: dl rx level= -52 dbm | W49: OK | X49: OK | Y49: Retransmission des trames HDLC*5
A50: 297 | B50: 45471 | C50: 0.36813657 | D50: 1006 | E50: 1207 | F50: M2 | G50: 1007 | H50: Casa/Tanger | I50: 7.321 | J50: =VLOOKUP(I50,Liste!$L$2:$O$34,4,1) -> GSMR_02/03 | K50: 1 | L50: Echec de connexion supervision radio ayant causé un Arret de Train | M50: H.O non finalisé entre 303 et 302 qualité /niveau de signal : dl rx-qual=7 , dl rx level = -58 dbm. ,Requête de déconnexion a été envoyée par le RBC | N50: BORD | O50: à fournir | P50: à fournir | Q50: ok | R50: à fournir | S50: Dans l'attente de la mise en place des tiroires monomode | T50: H.O : COMPLET entre 303 et 302 | U50: dl Rxqual=7 | V50: dl rx level= -58 dbm | W50: OK | X50: OK | Y50: Retransmission des trames HDLC*5
A51: 298 | B51: 45471 | C51: 0.32097222 | D51: 1025 | E51: 1209 | F51: M2 | G51: 1033 | H51: Casa/Tanger | I51: 7.321 | J51: =VLOOKUP(I51,Liste!$L$2:$O$34,4,1) -> GSMR_02/03 | K51: 1 | L51: Echec de connexion supervision radio ayant causé un Arret de Train | M51: H.O non finalisé entre 303 et 302 qualité /niveau de signal : dl rx-qual=0 , dl rx level = -60 dbm. ,Requête de déconnexion a été envoyée par le MSC | N51: BORD | O51: à fournir | P51: à fournir | Q51: ok | R51: à fournir | S51: Dans l'attente de la mise en place des tiroires monomode | T51: H.O : non finalisé entre 303 et 302 | U51: dl Rxqual=0 | V51: dl rx level= -60 dbm | W51: OK | X51: OK | Y51: Retransmission des trames HDLC*5
A52: 299 | B52: 45471 | C52: 0.85013889 | D52: 1053 | E52: 1209 | F52: M2 | G52: 1033 | H52: Casa/Tanger | I52: 200.542 | J52: =VLOOKUP(I52,Liste!$L$2:$O$34,4,1) -> GSMR_33/RAC | K52: 1 | L52: Echec de connexion supervision radio ayant causé un Arret de Train | M52: H.O non finalisé entre 234 et 233 qualité /niveau de signal : dl rx-qual=7 , dl rx level = -68 dbm. ,Requête de déconnexion a été envoyée par le MSC | N52: BORD/GSMR | O52: à fournir | P52: à fournir | Q52: ok | R52: à fournir | S52: Dans l'attente de la mise en place des tiroires monomode | T52: H.O : non finalisé entre 234 et 233 | U52: dl Rxqual=7 | V52: dl rx level= -68 dbm | W52: OK | X52: OK | Y52: Retransmission des trames HDLC*5
A53: 300 | B53: 45472 | C53: 0.29690972 | D53: 2005 | E53: 1202 | F53: M1 | G53: 1043 | H53: Tanger/Casa | I53: 9.03 | J53: =VLOOKUP(I53,Liste!$L$2:$O$34,4,1) -> GSMR_02/03 | K53: 1 | L53: Echec de connexion supervision radio ayant causé un Arret de Train | M53: H.O non finalisé entre 202 et 203 qualité /niveau de signal : dl rx-qual=0 , dl rx level = -48 dbm. ,Requête de déconnexion a été envoyée par le RBC | N53: BORD | O53: à fournir | P53: à fournir | Q53: ok | R53: à fournir | S53: Dans l'attente de la mise en place des tiroires monomode | T53: H.O : non finalisé entre 202 et 203 | U53: dl Rxqual=0 | V53: dl rx level= -48 dbm | W53: OK | X53: OK | Y53: Retransmission des trames HDLC*5
A54: 301 | B54: 45472 | C54: 0.33675926 | D54: 2009 | E54: 1205 | F54: M1 | G54: 7218 | H54: Tanger/Casa | I54: 6.13 | J54: =VLOOKUP(I54,Liste!$L$2:$O$34,4,1) -> GSMR_02/03 | K54: 1 | L54: Echec de connexion supervision radio ayant causé un Arret de Train | M54: H.O non finalisé entre 201 et 202 qualité /niveau de signal : dl rx-qual=2 , dl rx level = -61 dbm. ,Requête de déconnexion a été envoyée par le RBC | N54: BORD | O54: à fournir | P54: à fournir | Q54: ok | R54: à fournir | S54: Dans l'attente de la mise en place des tiroires monomode | T54: H.O : non finalisé entre 201 et 202 | U54: dl Rxqual=2 | V54: dl rx level= -61 dbm | W54: OK | X54: OK | Y54: Retransmission des trames HDLC*5
A55: 303 | B55: 45472 | C55: 0.50362269 | D55: 2025 | E55: 1210 | F55: M1 | G55: 1048 | H55: Tanger/Casa | I55: 6.13 | J55: =VLOOKUP(I55,Liste!$L$2:$O$34,4,1) -> GSMR_02/03 | K55: 1 | L55: Echec de connexion supervision radio ayant causé un Arret de Train | M55: H.O non finalisé entre 302 et 201 qualité /niveau de signal : dl rx-qual=7 , dl rx level = -55 dbm. ,Requête de déconnexion a été envoyée par le RBC | N55: BORD | O55: à fournir | P55: à fournir | Q55: ok | R55: à fournir | S55: Dans l'attente de la mise en place des tiroires monomode | T55: H.O : non finalisé entre 302 et 201 | U55: dl Rxqual=7 | V55: dl rx level= -60 dbm | W55: OK | X55: OK | Y55: Retransmission des trames HDLC*5
A56: 310 | B56: 45473 | C56: 0.5446412 | D56: 1021 | E56: 1207 | F56: M2 | G56: 1007 | H56: Casa/Tanger | I56: 7.321 | J56: =VLOOKUP(I56,Liste!$L$2:$O$34,4,1) -> GSMR_02/03 | K56: 1 | L56: Echec de connexion supervision radio ayant causé un Arret de Train | M56: H.O non finalisé entre 303et 202 qualité /niveau de signal : dl rx-qual=7 , dl rx level = -57 dbm. ,Requête de déconnexion a été envoyée par le MSC | N56: BORD | O56: à fournir | P56: à fournir | Q56: ok | R56: à fournir | S56: Dans l'attente de la mise en place des tiroires monomode | T56: H.O : non finalisé entre 303 et 202 | U56: dl Rxqual=7 | V56: dl rx level= -57 dbm | W56: OK | X56: OK | Y56: Retransmission des trames HDLC*4
A57: 317 | B57: 45474 | C57: 0.7909838 | D57: 1045 | E57: 1209 | F57: M2 | G57: 1033 | H57: Casa/Tanger | I57: 36.558 | J57: =VLOOKUP(I57,Liste!$L$2:$O$34,4,1) -> GSMR_07/08 | K57: 1 | L57: Echec de connexion supervision radio ayant causé un Arret de Train | M57: H.O complete entre 308et 307 qualité /niveau de signal : dl rx-qual=3 , dl rx level = -64 dbm. ,Requête de déconnexion a été envoyée par le RBC | N57: BORD | O57: à fournir | P57: à fournir | Q57: ok | R57: à fournir | S57: Dans l'attente de la mise en place des tiroires monomode | T57: H.O : Complet entre 308 et 307 | U57: dl Rxqual=3 | V57: dl rx level= -64 dbm | W57: OK | X57: OK | Y57: Pas Retransmission des trames HDLC*5
A58: 318 | B58: 45474 | C58: 0.83673611 | D58: 2057 | E58: 1209 | F58: M1 | G58: 7208 | H58: Tanger/Casa | I58: 6.13 | J58: =VLOOKUP(I58,Liste!$L$2:$O$34,4,1) -> GSMR_02/03 | K58: 1 | L58: Echec de connexion supervision radio ayant causé un Arret de Train | M58: H.O non finalisé entre 202et 303 qualité /niveau de signal : dl rx-qual=7 , dl rx level = -52 dbm. ,Requête de déconnexion a été envoyée par RBC | N58: BORD | O58: à fournir | P58: à fournir | Q58: ok | R58: à fournir | S58: Dans l'attente de la mise en place des tiroires monomode | T58: H.O : non finalisé entre 202 et 303 | U58: dl Rxqual=7 | V58: dl rx level= -52 dbm | W58: OK | X58: OK | Y58: Retransmission des trames HDLC*5
A59: 319 | B59: 45474 | C59: 0.84208333 | D59: 2057 | E59: 1209 | F59: M1 | G59: 1058 | H59: Tanger/Casa | I59: 21.55 | J59: =VLOOKUP(I59,Liste!$L$2:$O$34,4,1) -> GSMR_04/05 | K59: 1 | L59: Echec de connexion supervision radio ayant causé un Arret de Train | M59: H.O complete entre 204et 205 qualité /niveau de signal : dl rx-qual=0 , dl rx level = -66 dbm. ,Requête de déconnexion a été envoyée par le RBC | N59: NA | O59: à fournir | P59: à fournir | Q59: ok | R59: à fournir | S59: Attente Verification des traces M2000 | T59: H.O : Complet entre 204 et 205 | U59: dl Rxqual=0 | V59: dl rx level= -66 dbm | W59: OK | X59: OK | Y59: Retransmission des trames HDLC*5
A60: 320 | B60: 45475 | C60: 0.3809375 | D60: 2013 | E60: 1206 | F60: M1 | G60: 1055 | H60: Tanger/Casa | I60: 13.713 | J60: =VLOOKUP(I60,Liste!$L$2:$O$34,4,1) -> GSMR_03/04 | K60: 1 | L60: Echec de connexion supervision radio ayant causé un Arret de Train | M60: H.O complete entre 303 et 204 qualité /niveau de signal : dl rx-qual=1 , dl rx level = -59 dbm. ,Requête de déconnexion a été envoyée par RBC | N60: NA | O60: à fournir | P60: à fournir | Q60: ok | R60: à fournir | S60: Attente Croisement des donnees | T60: H.O : Complet entre 303 et 204 | U60: dl Rxqual=1 | V60: dl rx level= -59 dbm | W60: OK | X60: OK | Y60: Retransmission des trames HDLC*5
A61: 321 | B61: 45475 | C61: 0.39247685 | D61: 2013 | E61: 1206 | F61: M1 | G61: 1055 | H61: Tanger/Casa | I61: 44.47 | J61: =VLOOKUP(I61,Liste!$L$2:$O$34,4,1) -> GSMR_08/09 | K61: 1 | L61: Echec de connexion supervision radio ayant causé un Arret de Train | M61: H.O complete entre 207 et 208 qualité /niveau de signal : dl rx-qual=3 , dl rx level = -63 dbm. ,Requête de déconnexion a été envoyée par RBC | N61: Non specifie | O61: à fournir | P61: à fournir | Q61: ok | R61: à fournir | S61: Necessite analysé ERTMS | T61: H.O : Complet entre 207 et 208 | U61: dl Rxqual=3 | V61: dl rx level= -63 dbm | W61: OK | X61: OK | Y61: Retransmission des trames HDLC*5
... A67: 337 | B67: 45481 | C67: 0.35288194 | D67: 2009 | E67: 1208 | F67: M1 | G67: 1036 | H67: Tanger/Casa | I67: 109.5 | J67: =VLOOKUP(I67,Liste!$L$2:$O$34,4,1) -> GSMR_19/20 | K67: 1 | L67: Echec de connexion supervision radio ayant causé un Arret de Train | M67: H.O non finalisé entre 220 et 322 qualité /niveau de signal : dl rx-qual=7 , dl rx level = -68dbm. ,Requête de déconnexion a été envoyée par RBC | N67: BORD/GSMR | O67: à fournir | P67: à fournir | Q67: ok | R67: à fournir | S67: En attente de mise en place des tiroires filtrés/Attente vérification par l'équipe SOR | T67: H.O : non finalisé entre 220 et 322 | U67: dl Rxqual=7 | V67: dl rx level= -68 dbm | W67: OK | X67: OK | Y67: Retransmission des trames HDLC*5
A68: 343 | B68: 45482 | C68: 0.71174769 | D68: 2045 | E68: 1201 | F68: M1 | G68: 7206 | H68: Tanger/Casa | I68: 6.13 | J68: GSMR_02/03 | K68: 1 | L68: Echec de connexion supervision radio ayant causé un Arret de Train | M68: H.O non finalisé entre 202 et 301 qualité /niveau de signal : dl rx-qual=7 , dl rx level = -54dbm. ,Requête de déconnexion a été envoyée par le Bord | N68: BORD | O68: à fournir | P68: à fournir | Q68: ok | R68: à fournir | S68: En attente de mise en place des tiroires filtrés | T68: H.O : non finalisé entre 202 et 301 | U68: dl Rxqual=7 | V68: dl rx level= -54 dbm | W68: OK | X68: OK | Y68: Retransmission des trames HDLC*4
A69: 346 | B69: 45483 | C69: 0.84956019 | D69: 2057 | E69: 1210 | F69: M1 | G69: 1049 | H69: Tanger/Casa | I69: 86.238 | J69: GSMR16/17 | K69: 1 | L69: Echec de connexion supervision radio ayant causé un Arret de Train | M69: H.O complet entre 215 et 316 qualité /niveau de signal : dl rx-qual=0 , dl rx level = -61dbm. ,Requête de déconnexion a été envoyée par RBC | N69: RBC/BORD | O69: à fournir | P69: à fournir | Q69: ok | R69: à fournir | S69: En attente de pousser les analyses coté Bord /RBC | T69: H.O : complet entre 215 et 316 | U69: dl Rxqual=0 | V69: dl rx level= -61 dbm | W69: OK | X69: OK | Y69: Retransmission des trames HDLC*5
A70: 347 | B70: 45484 | C70: 0.33832176 | D70: 1001 | E70: 1203 | F70: M2 | G70: 1026 | H70: Casa/Tanger | I70: 10.125 | J70: GSMR03/04 | K70: 1 | L70: Echec de connexion supervision radio ayant causé un Arret de Train | M70: H.O complet entre 304 et 303 qualité /niveau de signal : dl rx-qual=0 , dl rx level = -48dbm. ,Requête de déconnexion a été envoyée par RBC | N70: GSMR | O70: à fournir | P70: à fournir | Q70: ok | R70: à fournir | S70: Zone sous surveillance par équipe NOC GSMR | T70: H.O : complet entre 304 et 303 | U70: dl Rxqual=0 | V70: dl rx level= -48 dbm | W70: NOK | X70: OK | Y70: Pas de retransmission des trames HDLC
A71: 348 | B71: 45484 | C71: 0.83665509 | D71: 2057 | E71: 1207 | F71: M1 | G71: 1046 | H71: Tanger/Casa | I71: 6.13 | J71: GSMR_02/03 | K71: 1 | L71: Echec de connexion supervision radio ayant causé un Arret de Train | M71: H.O non finalisé entre 202 et 301 qualité /niveau de signal : dl rx-qual=0 , dl rx level = -51dbm. ,Requête de déconnexion a été envoyée par le Bord | N71: BORD | O71: à fournir | P71: à fournir | Q71: ok | R71: à fournir | S71: En attente de mise en place des tiroires filtrés | T71: H.O : non finalisé entre 202 et 301 | U71: dl Rxqual=0 | V71: dl rx level= -51 dbm | W71: NOK | X71: OK | Y71: Pas de retransmission des trames HDLC
A72: 349 | B72: 45484 | C72: 0.90472222 | D72: 2061 | E72: 1208 | F72: M1 | G72: 1036 | H72: Tanger/Casa | I72: 177.85 | J72: =VLOOKUP(I72,Liste!$L$2:$O$34,4,1) -> GSMR_30/31 | K72: 1 | L72: Echec de connexion supervision radio ayant causé un Arret de Train | M72: H.O complet entre 229 et 230 qualité /niveau de signal : dl rx-qual=0 , dl rx level = -61dbm. ,Requête de déconnexion a été envoyée par le RBC | N72: RBC/BORD | O72: à fournir | P72: à fournir | Q72: ok | R72: à fournir | S72: En attente de pousser les analyses coté Bord /RBC | T72: H.O : complet entre 229 et 230 | U72: dl Rxqual=0 | V72: dl rx level= -61 dbm | W72: OK | X72: OK | Y72: Retransmission des trames HDLC*5
A73: 353 | B73: 45485 | C73: 0.83732639 | D73: 2057 | E73: 1204 | F73: M1 | G73: 3740 | H73: Tanger/Casa | I73: 6.13 | J73: =VLOOKUP(I73,Liste!$L$2:$O$34,4,1) -> GSMR_02/03 | K73: 1 | L73: Echec de connexion supervision radio ayant causé un Arret de Train | M73: H.O non finalisé entre 302et 203 qualité /niveau de signal : dl rx-qual=6 , dl rx level = -54dbm. ,Requête de déconnexion a été envoyée par le RBC | N73: Bord | O73: à fournir | P73: à fournir | Q73: ok | R73: à fournir | S73: En attente de mise en place des tiroires filtrés | T73: H.O : non finalisé entre 302 et 203 | U73: dl Rxqual=6 | V73: dl rx level= -54 dbm | W73: NOK | X73: OK | Y73: Retransmission des trames HDLC*5
A74: 356 | B74: 45486 | C74: 0.514375 | D74: 2025 | E74: 1203 | F74: M1 | G74: 1024 | H74: Tanger/Casa | I74: 75.84 | J74: =VLOOKUP(I74,Liste!$L$2:$O$34,4,1) -> GSMR_13/14 | K74: 1 | L74: Echec de connexion supervision radio ayant causé un Arret de Train | M74: H.O Complet entre 213 et 214 qualité /niveau de signal : dl rx-qual=0 , dl rx level = -48dbm. ,Requête de déconnexion a été envoyée par le RBC | N74: BORD/RBC | O74: à fournir | P74: à fournir | Q74: ok | R74: à fournir | S74: En attente de pousser les analyses coté Bord/RBC | T74: H.O : Complet entre 213 et 214 | U74: dl Rxqual=0 | V74: dl rx level= -48 dbm | W74: OK | X74: OK | Y74: Retransmission des trames HDLC*5
A75: 367 | B75: 45487 | C75: 0.87795139 | D75: 1054 | E75: 1203 | F75: M2 | G75: 1027 | H75: Casa/Tanger | I75: 12.496 | J75: =VLOOKUP(I75,Liste!$L$2:$O$34,4,1) -> GSMR_03/04 | K75: 1 | L75: Echec de connexion supervision radio ayant causé un Arret de Train | M75: Etat H.O : HO complet entre 304 et 303 qualité /niveau de signal : dl rx-qual=0 , dl rx level = -73 dbm ,Requête de déconnexion a été envoyée par le RBC | N75: Bord | O75: à fournir | P75: à fournir | Q75: ok | R75: à fournir | S75: En attente de mise en place des tiroires filtrés | T75: HO complet entre 304 et 303 | U75: dl Rxqual=0 | V75: dl rx level= -73 dbm | W75: OK | X75: OK | Y75: Retransmission des trames HDLC*5
A76: 388 | B76: 45492 | C76: 0.41990741 | D76: 2017 | E76: 1205 | F76: M1 | G76: 1035 | H76: Tanger/Casa | I76: 6.13 | J76: =VLOOKUP(I76,Liste!$L$2:$O$34,4,1) -> GSMR_02/03 | K76: 1 | L76: Echec de connexion supervision radio ayant causé un Arret de Train | M76: Etat H.O :complet entre 201 et 202 qualité /niveau de signal : dl rx-qual=0, dl rx level = -54 dbm ,Requête de déconnexion a été envoyée par le RBC | N76: Bord | O76: à fournir | P76: à fournir | Q76: ok | R76: à fournir | S76: En attente de mise en place des tiroires filtrés | T76: HO complet entre 201 et 202 | U76: dl Rxqual=0 | V76: dl rx level= -54dbm | W76: OK | X76: OK | Y76: Retransmission des trames HDLC*5
A77: 390 | B77: 45492 | C77: 0.79517361 | D77: 2053 | E77: 1205 | F77: M1 | G77: 7217 | H77: Tanger/Casa | I77: 6.13 | J77: =VLOOKUP(I77,Liste!$L$2:$O$34,4,1) -> GSMR_02/03 | K77: 1 | L77: Echec de connexion supervision radio ayant causé un Arret de Train | M77: Etat H.O : non finalisé entre 202 et 303 qualité /niveau de signal : dl rx-qual=7, dl rx level = -52dbm ,Requête de déconnexion a été envoyée par le RBC | N77: Bord | O77: à fournir | P77: à fournir | Q77: ok | R77: à fournir | S77: En attente de mise en place des tiroires filtrés | T77: HO Failure entre 202 et 303 | U77: dl Rxqual=7 | V77: dl rx level= -52 dbm | W77: NOK | X77: OK | Y77: Retransmission des trames HDLC*5
A78: 391 | B78: 45492 | C78: 0.83685185 | D78: 2057 | E78: 1211 | F78: M1 | G78: 1028 | H78: Tanger/Casa | I78: 6.13 | J78: =VLOOKUP(I78,Liste!$L$2:$O$34,4,1) -> GSMR_02/03 | K78: 1 | L78: Echec de connexion supervision radio ayant causé un Arret de Train | M78: Etat H.O : non finalisé entre 202 et 201 qualité /niveau de signal : dl rx-qual=5, dl rx level = -55dbm ,Requête de déconnexion a été envoyée par le RBC | N78: Bord | O78: à fournir | P78: à fournir | Q78: ok | R78: à fournir | S78: En attente de mise en place des tiroires filtrés | T78: HO Failure entre 202 et 201 | U78: dl Rxqual=5 | V78: dl rx level= -55 dbm | W78: NOK | X78: OK | Y78: Retransmission des trames HDLC*5
A79: 397 | B79: 45494 | C79: 0.58709491 | D79: 2033 | E79: 1203 | F79: M1 | G79: 1022 | H79: Tanger/Casa | I79: 6.13 | J79: GSMR_02/03 | K79: 1 | L79: Echec de connexion supervision radio ayant causé un Arret de Train | M79: Etat H.O : non finalisé entre 301 et 202 qualité /niveau de signal : dl rx-qual= 7, dl rx level = -56 dbm ,Requête de déconnexion a été envoyée par le RBC | N79: Bord | O79: à fournir | P79: à fournir | Q79: ok | R79: à fournir | S79: En attente de mise en place des tiroires filtrés | T79: HO Failure entre 301 et 202 | U79: dl Rxqual=7 | V79: dl rx level= -56 dbm | W79: OK | X79: OK | Y79: Retransmission des trames HDLC*5
A80: 400 | B80: 45494 | C80: 0.79520833 | D80: 2053 | E80: 1208 | F80: M1 | G80: 1036 | H80: Tanger/Casa | I80: 6.13 | J80: GSMR_02/03 | K80: 1 | L80: Echec de connexion supervision radio ayant causé un Arret de Train | M80: Etat H.O : non finalisé entre 202 et 303 qualité /niveau de signal : dl rx-qual= 4, dl rx level = -50 dbm ,Requête de déconnexion a été envoyée par le Bord | N80: Bord | O80: à fournir | P80: à fournir | Q80: ok | R80: à fournir | S80: En attente de mise en place des tiroires filtrés | T80: HO Failure entre 202 et 303 | U80: dl Rxqual=4 | V80: dl rx level= -50 dbm | W80: NOK | X80: OK | Y80: Pas de retransmission des trames HDLC
A81: 411 | B81: 45496 | C81: 23:18:16 | D81: 2061 | E81: 1210 | F81: M2 | G81: 1072 | H81: Casa/Tanger | I81: 7.321 | J81: GSMR_02/03 | K81: 1 | L81: Echec de connexion supervision radio ayant causé un Arret de Train | M81: Etat H.O : NON finalisé entre 303et 202 qualité /niveau de signal : dl rx-qual= 2, dl rx level = -72 dbm ,Requête de déconnexion a été envoyée par le RBC | N81: BORD | O81: à fournir | P81: à fournir | Q81: ok | R81: à fournir | S81: En attente de mise en place des tiroires filtrés | T81: HO Failure entre 303 et 202 | U81: dl Rxqual=2 | V81: dl rx level= -72 dbm | W81: OK | X81: OK | Y81: Retransmission des trames HDLC*5
A82: 411 | B82: 45538 | C82: 12:44:42 | D82: 2025 | E82: 1201 | F82: M1 | G82: 7206 | H82: Tanger/Casa | I82: 186.315 | J82: =VLOOKUP(I82,Liste!$L$2:$O$34,4,1) -> GSMR_32/33 | K82: 1 | L82: Echec de connexion supervision radio ayant causé un Arret de Train | M82: * Etat H.O : Ho complet entre 232 et 233 * qualité /niveau de signal : dl rx-qual=0, dl rx level = -48 dbm *Requête de déconnexion a été envoyée par le bord | N82: Bord | O82: à fournir | P82: à fournir | Q82: ok | R82: à fournir | S82: Zone sous surveillance par équipe NOC GSMR | T82: HO complet entre 232 et 233 | U82: dl Rxqual=0 | V82: dl rx level= -48 dbm | W82: OK | X82: OK | Y82: Pas de retransmission des trames HDLC

Sheet Synthèse Hebdo
G1: Date | H1: (Tous)
A2: 7 derniers jours? | B2: VRAI | G2: 7 derniers jours? | H2: VRAI | K2: 7 derniers jours? | L2: VRAI | N2: 7 derniers jours? | O2: VRAI
BS3: Date | BT3: (Tous)
A4: Nombre de Rame | G4: Sous-Système | H4: Nb dcnx | K4: Intervalle | L4: Nombre | N4: Nombre de Rame | O4: Sous système mis encause | AB4: 7 derniers jours? | AC4: VRAI | AR4: 7 derniers jours? | AS4: VRAI | BS4: 7 derniers jours? | BT4: VRAI
B5: M1 | C5: M2 | D5: Total | G5: BORD | H5: 6 | K5: GSMR_02/03 | L5: 6 | N5: Rame | O5: BORD | P5: Total général
A6: 1204 | B6: 1 | D6: 1 | G6: Total général | H6: 6 | K6: Total général | L6: 6 | N6: 1204 | O6: 1 | P6: 1 | AB6: Nombre | AC6: Étiquettes de colonnes | AR6: Nombre | AS6: Étiquettes de colonnes | BS6: Nombre | BT6: Étiquettes de colonnes
A7: 1205 | B7: 1 | D7: 1 | N7: 1205 | O7: 1 | P7: 1 | AB7: Intervalle | AC7: Arrêt du train | AD7: Ralentissement du train | AE7: Total général | AR7: Intervalle | AS7: BORD | AT7: Total général | BS7: Intervalle | BT7: GSMR_02/03 | BU7: Total général
A8: 1206 | B8: 1 | D8: 1 | N8: 1206 | O8: 1 | P8: 1 | AB8: GSMR_02/03 | AC8: 2 | AD8: 4 | AE8: 6 | AR8: GSMR_02/03 | AS8: 6 | AT8: 6 | BS8: 1204 | BT8: 1 | BU8: 1
A9: 1207 | C9: 2 | D9: 2 | N9: 1207 | O9: 2 | P9: 2 | AB9: Total général | AC9: 2 | AD9: 4 | AE9: 6 | AR9: Total général | AS9: 6 | AT9: 6 | BS9: M1 | BT9: 1 | BU9: 1
A10: 1210 | B10: 1 | D10: 1 | N10: 1210 | O10: 1 | P10: 1 | BS10: 1205 | BT10: 1 | BU10: 1
A11: Total | B11: 4 | C11: 2 | D11: 6 | N11: Total général | O11: 6 | P11: 6 | BS11: M1 | BT11: 1 | BU11: 1
BS12: 1206 | BT12: 1 | BU12: 1
BS13: M1 | BT13: 1 | BU13: 1
BS14: 1207 | BT14: 2 | BU14: 2
BS15: M2 | BT15: 2 | BU15: 2
BS16: 1210 | BT16: 1 | BU16: 1
BS17: M1 | BT17: 1 | BU17: 1
BS18: Total général | BT18: 6 | BU18: 6

Sheet Historique zones & rames
A1: Intervalle | B1: GSMR_28/29 | AV1: Intervalle | AW1: GSMR_28/29
A3: Nombre de Intervalle | B3: Étiquettes de colonnes | AV3: Nombre de Intervalle | AW3: Étiquettes de colonnes
A4: Étiquettes de lignes | B4: BORD | C4: BORD/GSMR | D4: GSMR | E4: RBC | F4: Total général | AW4: 1203 | AY4: Total 1203 | AZ4: 1204 | BA4: Total 1204 | BB4: 1205 | BC4: Total 1205 | BD4: 1206 | BE4: Total 1206 | BF4: 1207 | BG4: Total 1207 | BH4: 1208 | BI4: Total 1208 | BJ4: 1209 | BL4: Total 1209 | BM4: Total général
A5: 2024 | B5: 9 | C5: 1 | D5: 1 | F5: 11 | W5: Nombre de Intervalle | X5: Étiquettes de colonnes | AV5: Étiquettes de lignes | AW5: M1 | AX5: M2 | AZ5: M2 | BB5: M2 | BD5: M1 | BF5: M2 | BH5: M2 | BJ5: M1 | BK5: M2
A6: fév | B6: 1 | F6: 1 | W6: Étiquettes de lignes | X6: A définir | Y6: BORD | Z6: BORD/GSMR | AA6: BORD/RBC | AB6: GSMR | AC6: GSMR | AD6: GSMR / BORD | AE6: GSMR/RBC | AF6: Non specifie | AG6: RBC | AH6: RBC/BORD | AI6: Signalisation | AJ6: Total général | AV6: 2024 | AW6: 1 | AX6: 1 | AY6: 2 | AZ6: 1 | BA6: 1 | BB6: 1 | BC6: 1 | BD6: 1 | BE6: 1 | BF6: 2 | BG6: 2 | BH6: 1 | BI6: 1 | BJ6: 1 | BK6: 2 | BL6: 3 | BM6: 11
A7: mar | B7: 1 | F7: 1 | W7: 2024 | Y7: 717 | Z7: 134 | AB7: 57 | AC7: 2 | AE7: 1 | AF7: 23 | AG7: 45 | AH7: 31 | AI7: 5 | AJ7: 1015 | AV7: fév | BK7: 1 | BL7: 1 | BM7: 1
A8: avr | B8: 2 | F8: 2 | W8: jan | Y8: 9 | Z8: 4 | AB8: 6 | AF8: 1 | AG8: 1 | AI8: 4 | AJ8: 25 | AV8: mar | BK8: 1 | BL8: 1 | BM8: 1
A9: mai | B9: 2 | F9: 2 | W9: 45297 | Y9: 1 | AJ9: 1 | AV9: avr | AX9: 1 | AY9: 1 | BF9: 1 | BG9: 1 | BM9: 2
A10: août | B10: 1 | C10: 1 | F10: 2 | W10: 45301 | Z10: 1 | AB10: 1 | AJ10: 2 | AV10: mai | BD10: 1 | BE10: 1 | BH10: 1 | BI10: 1 | BM10: 2
A11: sept | B11: 1 | F11: 1 | W11: 45302 | AB11: 1 | AJ11: 1 | AV11: août | AW11: 1 | AY11: 1 | BB11: 1 | BC11: 1 | BM11: 2
A12: oct | B12: 1 | F12: 1 | W12: 45304 | Z12: 1 | AJ12: 1 | AV12: sept | AZ12: 1 | BA12: 1 | BM12: 1
A13: nov | D13: 1 | F13: 1 | W13: 45307 | Z13: 1 | AJ13: 1 | AV13: oct | BJ13: 1 | BL13: 1 | BM13: 1
A14: 2025 | D14: 3 | E14: 1 | F14: 4 | W14: 45308 | Y14: 1 | AB14: 1 | AJ14: 2 | AV14: nov | BF14: 1 | BG14: 1 | BM14: 1
A15: jui | D15: 2 | F15: 2 | W15: 45311 | AB15: 1 | AJ15: 1 | AV15: 2025 | BB15: 2 | BC15: 2 | BK15: 2 | BL15: 2 | BM15: 4
A16: août | D16: 1 | E16: 1 | F16: 2 | W16: 45313 | Z16: 1 | AB16: 1 | AJ16: 2 | AV16: jui | BB16: 1 | BC16: 1 | BK16: 1 | BL16: 1 | BM16: 2
A17: Total général | B17: 9 | C17: 1 | D17: 4 | E17: 1 | F17: 15 | W17: 45314 | Y17: 1 | AJ17: 1 | AV17: août | BB17: 1 | BC17: 1 | BK17: 1 | BL17: 1 | BM17: 2
W18: 45315 | Y18: 2 | AJ18: 2 | AV18: Total général | AW18: 1 | AX18: 1 | AY18: 2 | AZ18: 1 | BA18: 1 | BB18: 3 | BC18: 3 | BD18: 1 | BE18: 1 | BF18: 2 | BG18: 2 | BH18: 1 | BI18: 1 | BJ18: 1 | BK18: 4 | BL18: 5 | BM18: 15
W19: 45316 | Y19: 1 | AJ19: 1
W20: 45317 | AG20: 1 | AJ20: 1
W21: 45318 | Y21: 1 | AB21: 1 | AI21: 2 | AJ21: 4
W22: 45319 | Y22: 1 | AJ22: 1
W23: 45320 | AF23: 1 | AJ23: 1
W24: 45321 | Y24: 1 | AI24: 1 | AJ24: 2
W25: 45322 | AI25: 1 | AJ25: 1
W26: fév | Y26: 32 | Z26: 3 | AB26: 1 | AF26: 7 | AG26: 3 | AH26: 2 | AI26: 1 | AJ26: 49
W27: 45323 | Y27: 1 | AI27: 1 | AJ27: 2
W28: 45324 | AG28: 1 | AJ28: 1
W29: 45325 | Y29: 1 | AJ29: 1
W30: 45326 | AH30: 1 | AJ30: 1
W31: 45327 | Y31: 2 | AB31: 1 | AF31: 1 | AJ31: 4
W32: 45329 | Y32: 1 | AG32: 1 | AJ32: 2
W33: 45331 | Y33: 1 | AJ33: 1
W34: 45332 | Y34: 2 | AH34: 1 | AJ34: 3
W35: 45333 | AF35: 1 | AJ35: 1
W36: 45334 | AF36: 2 | AJ36: 2
W37: 45335 | Y37: 1 | Z37: 1 | AJ37: 2
W38: 45336 | Y38: 4 | AF38: 1 | AJ38: 5
W39: 45337 | AF39: 1 | AG39: 1 | AJ39: 2
W40: 45339 | Y40: 2 | Z40: 2 | AJ40: 4
W41: 45340 | Y41: 1 | AJ41: 1
W42: 45341 | Y42: 1 | AF42: 1 | AJ42: 2
W43: 45343 | Y43: 5 | AJ43: 5
W44: 45345 | Y44: 2 | AJ44: 2
W45: 45346 | Y45: 2 | AJ45: 2
W46: 45347 | Y46: 1 | AJ46: 1
W47: 45348 | Y47: 1 | AJ47: 1
W48: 45349 | Y48: 3 | AJ48: 3
W49: 45350 | Y49: 1 | AJ49: 1
W50: mar | Y50: 34 | AB50: 7 | AF50: 2 | AJ50: 43
W51: 45352 | Y51: 8 | AJ51: 8
W52: 45353 | Y52: 1 | AJ52: 1
W53: 45354 | Y53: 1 | AJ53: 1
W54: 45355 | Y54: 1 | AJ54: 1
W55: 45356 | Y55: 4 | AB55: 1 | AF55: 1 | AJ55: 6
W56: 45357 | Y56: 1 | AJ56: 1
W57: 45358 | Y57: 2 | AJ57: 2
W58: 45360 | Y58: 1 | AB58: 1 | AJ58: 2
W59: 45361 | Y59: 2 | AJ59: 2
W60: 45362 | Y60: 1 | AB60: 1 | AJ60: 2
W61: 45363 | Y61: 3 | AJ61: 3
W62: 45365 | Y62: 1 | AJ62: 1
W63: 45366 | AB63: 1 | AJ63: 1
W64: 45369 | Y64: 2 | AJ64: 2
W65: 45370 | AB65: 1 | AJ65: 1
W66: 45372 | AB66: 1 | AJ66: 1
W67: 45374 | Y67: 1 | AJ67: 1
W68: 45376 | Y68: 2 | AJ68: 2
W69: 45380 | Y69: 2 | AF69: 1 | AJ69: 3
W70: 45381 | AB70: 1 | AJ70: 1
W71: 45382 | Y71: 1 | AJ71: 1
W72: avr | Y72: 38 | Z72: 4 | AB72: 4 | AG72: 1 | AH72: 1 | AJ72: 48
W73: 45385 | Y73: 1 | AJ73: 1
W74: 45386 | Y74: 2 | AB74: 1 | AJ74: 3
W75: 45387 | Y75: 1 | AJ75: 1
W76: 45388 | Y76: 3 | AJ76: 3
W77: 45389 | Y77: 3 | AJ77: 3
W78: 45390 | Y78: 2 | AB78: 1 | AJ78: 3
W79: 45393 | Y79: 5 | AJ79: 5
W80: 45394 | Y80: 1 | AJ80: 1
W81: 45395 | Y81: 1 | AJ81: 1
W82: 45396 | AH82: 1 | AJ82: 1
W83: 45397 | Y83: 2 | AJ83: 2
W84: 45398 | Y84: 1 | AJ84: 1
W85: 45399 | Z85: 1 | AJ85: 1
W86: 45400 | AB86: 1 | AJ86: 1
W87: 45401 | Z87: 1 | AJ87: 1
W88: 45402 | Y88: 1 | AJ88: 1
W89: 45403 | Y89: 2 | AJ89: 2
W90: 45404 | Y90: 1 | AJ90: 1
W91: 45405 | Y91: 2 | AJ91: 2
W92: 45406 | Y92: 2 | AJ92: 2
W93: 45407 | Y93: 3 | Z93: 2 | AJ93: 5
W94: 45408 | Y94: 2 | AG94: 1 | AJ94: 3
W95: 45409 | Y95: 1 | AJ95: 1
W96: 45410 | Y96: 1 | AJ96: 1
W97: 45412 | Y97: 1 | AB97: 1 | AJ97: 2
W98: mai | Y98: 61 | Z98: 11 | AB98: 1 | AH98: 2 | AJ98: 75
W99: 45413 | Y99: 3 | AJ99: 3
W100: 45414 | Z100: 1 | AJ100: 1
W101: 45415 | Y101: 1 | AJ101: 1
...
